3ea902f8ea01f543	CVS Health	Associate Data Engineer	Irving, TX	DE	ENTRY_LEVEL	$60,000 - $120,000 a year
be9fa4e22cddbb22	CVS Health	Associate Data Engineer	Irving, TX	DE	ENTRY_LEVEL	$60,000 - $120,000 a year
e4a613074f64e003	Automobile Club of Southern California	Data Engineer	Costa Mesa, CA 92626	DE	ENTRY_LEVEL	$101,000 - $134,700 a year
9d2fb391d088472f	TrueSense Marketing	Data Integration Engineer / Fivetran Specialist	Remote	DE	ENTRY_LEVEL	Estimated $78.6K - $99.5K a year
6b688887e54e619e	Capital One	Data Engineer	McLean, VA	DE	ENTRY_LEVEL	NA
d931ec0a388c6618	BOEING	Associate Flight Technical Data Engineer	Tukwila, WA	DE	ENTRY_LEVEL	$68,850 - $93,150 a year
8650980d4eb753b3	Hewlett Packard Enterprise	Zerto, Sales Engineer - Data Protection - East	Massachusetts	DE	ENTRY_LEVEL	$115,300 - $259,500 a year
e05bef6e65f52e83	Modern Technology Solutions, Inc.	Data Engineer - Subject Matter Expert, C-12 / T-38, Part-time Variable - Remote	Remote	DE	ENTRY_LEVEL	Estimated $124K - $157K a year
dea2fb2ab1a0a615	Hewlett-Packard CDS GmbH	Zerto, Sales Engineer - Data Protection - West	Houston, TX	DE	ENTRY_LEVEL	$115,300 - $259,500 a year
6c3a595e45ab06ca	Hewlett Packard Enterprise	Zerto, Sales Engineer - Data Protection - East	Massachusetts	DE	ENTRY_LEVEL	$115,300 - $259,500 a year
0c135271bc0584d4	CapTech Consulting	Data Engineer (AWS, Azure, GCP)	Tysons, VA	DE	ENTRY_LEVEL	Estimated $99.7K - $126K a year
439cb20bce09c019	Hewlett Packard Enterprise	Zerto, Sales Engineer - Data Protection - West	Texas	DE	ENTRY_LEVEL	$115,300 - $259,500 a year
6ae2bc694b46eadc	Daikin Comfort Technologies	Data Engineer 1	Waller, TX 77484	DE	ENTRY_LEVEL	Estimated $80.2K - $102K a year
4d89fd151c8714ef	Apple	CG/ML Engineer - Synthetic Data	Cupertino, CA	DE	ENTRY_LEVEL	NA
474100b67a675bb2	Nisum Latam	Data Engineer	Remote	DE	ENTRY_LEVEL	NA
5ef88006aa6773a0	Lockheed Martin	Portal Req - Flight Test Instrumentation and Data Processing Engineer	Fort Worth, TX 76108	DE	ENTRY_LEVEL	NA
9a807a2e0e42c0f3	Perficient, Inc	AWS Data Engineer - Remote	Remote in Missouri	DE	ENTRY_LEVEL	NA
d82f9f0fb5162f16	PEMCCO	Communications Engineer/Data Analyst	Baltimore, MD 21201 (Downtown area)	DE	ENTRY_LEVEL	Estimated $66.6K - $84.3K a year
f21f6031b8bb7461	EO of Labor & Work Dvlpmnt	Junior Software and Data Engineer	Hybrid remote in Boston, MA 02114	DE	ENTRY_LEVEL	NA
742cf82853a7a6bd	Leidos	UAS Data Links Test Engineer	Huntsville, AL 35806	DE	ENTRY_LEVEL	$78,000 - $141,000 a year
a8c3cc774d384876	Stillwater Human Capital, LLC.	Cloud Data Engineer	Herndon, VA 20170	DE	ENTRY_LEVEL	NA
900fd0373f069643	9th networks Inc	Data Engineer with Data Bricks	Pittsburg, IL 62974	DE	ENTRY_LEVEL	NA
1fb0765d5432f3b8	Rothe Enterprises, Inc.	Operations and Data Analytics Engineer - NASA KSC	Cape Canaveral, FL	DE	ENTRY_LEVEL	NA
a6e23195a5f8158c	US John F. Kennedy Space Center	Computer Engineer - AST, Flight Data Systems (Direct Hire)	Kennedy Space Center, FL	DE	ENTRY_LEVEL	$99,172 - $128,922 a year
8eb87d3eaec3b64b	Discover Financial Services	Application Engineer - Data	Riverwoods, IL 60015	DE	ENTRY_LEVEL	$86,500 - $146,100 a year
d0f898ce27b1de4f	DAtec Solutions	Big Data Engineer w/ Java	O'Fallon, MO	DE	ENTRY_LEVEL	NA
5d082de7882bf9c1	Nisum	Data Engineer Bc5433	Remote	DE	ENTRY_LEVEL	NA
6d2cce397534cb4b	Apple	Big Data Platform Engineer	Cupertino, CA	DE	ENTRY_LEVEL	NA
3d91e29a4f013fee	JLL	Data Center Facilities Engineer	San Antonio, TX 78216 (Airport area)	DE	ENTRY_LEVEL	$34 - $39 an hour
51eb31314ffcfded	Boyd Corporation	Data Engineer	Remote in Chicago, IL	DE	ENTRY_LEVEL	NA
a594ba5a00e3a1e1	Lionwood.software	Data Engineer	United States	DE	ENTRY_LEVEL	NA
8795c5641eff07f0	Iver Solutions, LLC	Test Data Management Engineer	Riverwoods, IL	DE	ENTRY_LEVEL	NA
584913621ad0a327	Intellipro Group	Data Engineer	Sunnyvale, CA	DE	ENTRY_LEVEL	NA
e814db39ecd01992	Founding Teams	Lead AI / ML / Data Science Engineer	Remote	DE	ENTRY_LEVEL	Estimated $103K - $130K a year
a134531f627a67e2	Hike2	Data Engineer	Remote	DE	ENTRY_LEVEL	NA
300d438dc2c20184	Capgemini	Data Engineer (KG)	Spring, TX	DE	ENTRY_LEVEL	Estimated $98.9K - $125K a year
571a57e4c1c78068	Capgemini	Data Engineer (KG)	Spring, TX	DE	ENTRY_LEVEL	NA
ef58e576737c548f	Oracle	System Engineer 1, Data Protection	Kansas City, MO 64137 (Fairlane area)	DE	ENTRY_LEVEL	Estimated $79.4K - $101K a year
4946862302fcd1c8	Apple	Software Engineer - Big Data Technologies	San Diego, CA	DE	ENTRY_LEVEL	NA
865015a6e3fced6a	US Veterans Health Administration	General Engineer - Data Scientist/Statistician/Mathematician/Methodologist/Computer Scientist	Wallops Island, VA	DE	ENTRY_LEVEL	$116,393 - $151,308 a year
d1fb38410e5acd85	Amazon Data Services, Inc.	DCEO Engineer 3, Data Center Engineering Operations	Manassas, VA 20109	DE	ENTRY_LEVEL	Estimated $68.2K - $86.4K a year
b0ebd88acaa5320a	Zenith	Data Engineer	Hybrid remote in Atlanta, GA 30313	DE	ENTRY_LEVEL	Estimated $83.4K - $106K a year
40fe9e34c5a33ee1	Prime Data Centers	Electrical Engineer - Data Centers	Hybrid remote in Denver, CO 80212	DE	ENTRY_LEVEL	$120,000 - $140,000 a year
1ea80bdc650c3291	Jacobs	Electrical Engineer - Data Center - US REMOTE	Remote in Portland, OR 97222	DE	ENTRY_LEVEL	Estimated $81.5K - $103K a year
78a98e5123b74d36	Apple	ML and Data Infrastructure Engineer - SPG	Cupertino, CA	DE	ENTRY_LEVEL	NA
fa61878ec9669ade	CBRE	Chief Building Engineer - Data Center	Poughkeepsie, NY	DE	ENTRY_LEVEL	$83,000 a year
62cc101a92e62634	Capgemini	GCP/Databricks Data Engineer	New York, NY 10003 (Flatiron area)	DE	ENTRY_LEVEL	Estimated $126K - $159K a year
56f0a032307fb18a	University of Minnesota	ERP Data Engineer	Minneapolis, MN	DE	ENTRY_LEVEL	NA
1d204191e7309092	Capgemini	GCP/Databricks Data Engineer	New York, NY 10003 (Flatiron area)	DE	ENTRY_LEVEL	NA
1a395e55b0363497	U.S. Fish and Wildlife Service	IT Specialist (Data Architect/Data Engineer)	Albuquerque, NM (Vista del Norte area)	DE	ENTRY_LEVEL	$98,496 - $158,432 a year
af5d32e6e1cf8e95	TikTok	Software Engineer - Streaming / Real time, Ads Data	Seattle, WA	DE	ENTRY_LEVEL	$137,750 - $237,500 a year
49e18f95832bb859	Leidos	Data Analyst and Visualization Engineer	Washington, DC 20090 (South West area)	DE	ENTRY_LEVEL	$78,000 - $141,000 a year
11db4605e62df0ad	CBRE	Union Bldg Engineer, Data Center	Rutherford, NJ	DE	ENTRY_LEVEL	Estimated $63.3K - $80.1K a year
93427882b6f9f8e3	Cisco Systems	Data Engineer Cloud Technologies Data & Analytics HYBRID 1412219	Research Triangle Park, NC	DE	ENTRY_LEVEL	Estimated $128K - $162K a year
3d4183dc9f419a50	EDGE	Data Scientist: Analyst: Sales Engineer	Remote in Chicago, IL 60611	DE	ENTRY_LEVEL	NA
b6ee1a26737a1f21	TikTok	Software Engineer - Streaming / Real time, Ads Data	San Jose, CA	DE	ENTRY_LEVEL	$145,000 - $250,000 a year
11f582a0de63c98b	Clarity Innovations	Analytic Developer/Data Engineer (QC) TO8-013	Annapolis Junction, MD	DE	ENTRY_LEVEL	Estimated $122K - $154K a year
0c80083ea67bc348	Clarity Innovations, LLC	Analytic Developer/Data Engineer (QC) TO8-013	Annapolis Junction, MD	DE	ENTRY_LEVEL	Estimated $124K - $158K a year
5344c8db36443d0a	UPPER LLC	Data center Engineer (contractor)	Denver, CO	DE	ENTRY_LEVEL	$35 - $45 an hour
eaf193d71cfc3d58	FAIR FINTECH Inc.	Data Center Support Engineer	San Jose, CA 95113 (Downtown area)	DE	ENTRY_LEVEL	NA
f795ce54bc318343	Spartan Technologies	BI Data Engineer	Remote in Palo Alto, CA	DE	ENTRY_LEVEL	NA
b600d87321d7b738	Naval Nuclear Laboratory	Associate Data Engineer	Niskayuna, NY	DE	ENTRY_LEVEL	$67,800 - $103,800 a year
ef10c08464638b87	CUBRC INC	Data Science Engineer	Buffalo, NY 14225	DE	ENTRY_LEVEL	$70,000 - $75,000 a year
8bb75b766665cca8	Anika Systems	Data Engineer	Remote	DE	ENTRY_LEVEL	NA
e297493f91fed4da	Discover Financial Services	Application Engineer(Data Engineering)	Riverwoods, IL 60015	DE	ENTRY_LEVEL	$86,500 - $146,100 a year
daabe0ac8dde756e	Amazon.com Services LLC	Amazon Robotics - Data Engineer (DE) Co-op - Spring 2024	Westborough, MA 01581	DE	ENTRY_LEVEL	Estimated $88.1K - $112K a year
8907744f7a5b6054	Donor Drives LLC	Ransomware Data Recovery Engineer / Researcher	Remote in Cleveland, OH	DE	ENTRY_LEVEL	NA
85e3aac341a64553	Bath & Body Works	Supply Chain Data and Analytics Engineer	Hybrid remote in Columbus, OH	DE	ENTRY_LEVEL	NA
8683c48cb7cadce0	Contact Government Services, LLC	Data Engineer	Hybrid remote in Santa Ana, CA	DE	ENTRY_LEVEL	$100,000 - $165,000 a year
e7fa089e39a1b349	Ascendion	Data Engineer	Raleigh, NC	DE	ENTRY_LEVEL	NA
610fc474ee6d8f26	Erias Ventures LLC	Cyber Security Data Engineer	McLean, VA	DE	ENTRY_LEVEL	$150,000 - $245,000 a year
af701818b1cf3760	Catalytic Data Science	Data Engineer	Boston, MA	DE	ENTRY_LEVEL	NA
f2bd35c8e23a65d2	Lockheed Martin Corporation	Staff Project Engineer / Production Data Systems - Troy, AL	Troy, AL	DE	ENTRY_LEVEL	Estimated $114K - $145K a year
f15221799826e65b	Rush Enterprises	Data Analytics Engineer	New Braunfels, TX 78130	DE	ENTRY_LEVEL	NA
573b3aa622591feb	Finance and Accounting	Data Analytics Engineer V	Washington, DC	DE	ENTRY_LEVEL	From $160,000 a year
191e51b744eea418	Apple	Site Reliability Engineer, Data Analytics	San Diego, CA	DE	ENTRY_LEVEL	NA
bc01633bd33c7bd1	UPPER LLC	Data center Engineer (contractor)	Des Moines, IA	DE	ENTRY_LEVEL	$35 - $45 an hour
3cc5bea9b0bfbf47	JLL	Data Center Facilities Engineer	Sterling, VA	DE	ENTRY_LEVEL	$32 - $42 an hour
1bf8ba78f7e980c0	UPPER LLC	Data center Engineer (contractor)	Tukwila, WA	DE	ENTRY_LEVEL	$35 - $45 an hour
6d098e0b0c63de5e	Virtusa	AWS Data Engineer	Hybrid remote in Columbus, OH	DE	ENTRY_LEVEL	Estimated $115K - $145K a year
3cd4fb46285de59b	Clinetic, Inc.	Data Engineer	Durham, NC	DE	ENTRY_LEVEL	NA
163a48bd83473485	KPIT Technologies GmbH	Data Engineer	Columbus, OH	DE	ENTRY_LEVEL	NA
5d761537fae17c08	University of Wisconsin–Madison	Data Integration and Warehouse Engineer	Madison, WI 53706	DE	ENTRY_LEVEL	$85,000 a year
97d396a2c5d44870	Noralogic Inc	AI/ML Engineer-Data Scientist	Woodland Hills, CA 91303	DE	ENTRY_LEVEL	NA
b1057b3b50943534	Wellspring	Data Quality Engineer	Chicago, IL	DE	ENTRY_LEVEL	NA
8eb34e4429f9f023	Rockwell Automation	Integrated Supply Chain Data Engineer	Hybrid remote in Milwaukee, WI	DE	ENTRY_LEVEL	Estimated $68.3K - $86.5K a year
f023fdca6015aead	True Rx Management Services	Data Engineer	United States	DE	ENTRY_LEVEL	NA
499a37321097c346	Iron EagleX	Lead Data Engineer	Tampa, FL 33608 (MacDill AFB area)	DE	ENTRY_LEVEL	Estimated $114K - $145K a year
70ac1f1d35693925	Lockheed Martin	Staff Project Engineer / Production Data Systems - Troy, AL	Troy, AL 36081	DE	ENTRY_LEVEL	NA
7842c29c6ae6a36d	Naval Nuclear Laboratory	Associate Data Engineer	West Mifflin, PA	DE	ENTRY_LEVEL	$67,800 - $103,800 a year
bd3a147c63ee0a5d	Rockwell Automation	Integrated Supply Chain Data Engineer	Hybrid remote in Milwaukee, WI 53204	DE	ENTRY_LEVEL	Estimated $68.3K - $86.5K a year
5577bb9fa7d8e1c1	Finance and Accounting	Data Analytics Engineer IV	Washington, DC	DE	ENTRY_LEVEL	From $155,000 a year
8b547d2fdf124f43	Contact Government Services, LLC	Data Engineer	Hybrid remote in Rock Island, IL	DE	ENTRY_LEVEL	Estimated $98.1K - $124K a year
0355f7d247164848	Modern Government Solutions	Data Engineer - TS/SCI with Polygraph	Chantilly, VA	DE	ENTRY_LEVEL	Estimated $135K - $171K a year
a5c74b197c121b56	Contact Government Services, LLC	Data Engineer	Hybrid remote in Albany, NY	DE	ENTRY_LEVEL	$100,000 - $165,000 a year
e3516d456b639ab0	Contact Government Services, LLC	Data Engineer	Hybrid remote in Denver, CO	DE	ENTRY_LEVEL	$100,000 - $165,000 a year
e0c282a3db3bcd09	Contact Government Services, LLC	Data Engineer	Hybrid remote in Fayetteville, AR	DE	ENTRY_LEVEL	Estimated $98.8K - $125K a year
ae39ba76cca45518	Contact Government Services, LLC	Data Engineer	Hybrid remote in Williamsport, PA	DE	ENTRY_LEVEL	Estimated $99.8K - $126K a year
8a348f5b4e7e76cb	Contact Government Services, LLC	Data Engineer	Hybrid remote in Williamsport, PA	DE	ENTRY_LEVEL	Estimated $99.8K - $126K a year
5c7cd7f282a9616a	Contact Government Services, LLC	Data Engineer	Hybrid remote in Syracuse, NY	DE	ENTRY_LEVEL	$100,000 - $165,000 a year
43162cd3cfd06422	Contact Government Services, LLC	Data Engineer	Hybrid remote in New York, NY	DE	ENTRY_LEVEL	$100,000 - $165,000 a year
a43f22e994d2e9b8	Contact Government Services, LLC	Data Engineer	Hybrid remote in Springfield, IL	DE	ENTRY_LEVEL	Estimated $98.1K - $124K a year
8578fdffdcfd61b7	Contact Government Services, LLC	Data Engineer	Hybrid remote in Rochester, NY	DE	ENTRY_LEVEL	$100,000 - $165,000 a year
05aefb4f4ef87bbe	Contact Government Services, LLC	Data Engineer	Hybrid remote in St. Louis, MO	DE	ENTRY_LEVEL	Estimated $98.8K - $125K a year
7cb02e0360638716	Contact Government Services, LLC	Data Engineer	Hybrid remote in Phoenix, AZ	DE	ENTRY_LEVEL	Estimated $98.6K - $125K a year
c3979186156a485a	Contact Government Services, LLC	Data Engineer	Hybrid remote in Peoria, IL	DE	ENTRY_LEVEL	Estimated $98.1K - $124K a year
37299a10fb2cec47	Contact Government Services, LLC	Data Engineer	Hybrid remote in Fargo, ND	DE	ENTRY_LEVEL	Estimated $98.8K - $125K a year
20f78e79a926a1a5	Contact Government Services, LLC	Data Engineer	Hybrid remote in Allentown, PA	DE	ENTRY_LEVEL	Estimated $99.8K - $126K a year
c978fb3176ce6f81	Contact Government Services, LLC	Data Engineer	Hybrid remote in Allentown, PA	DE	ENTRY_LEVEL	Estimated $99.8K - $126K a year
740f314b37ce6319	Contact Government Services, LLC	Data Engineer	Hybrid remote in Fort Smith, AR	DE	ENTRY_LEVEL	Estimated $98.8K - $125K a year
429d0302d71d7461	Contact Government Services, LLC	Data Engineer	Hybrid remote in New Orleans, LA	DE	ENTRY_LEVEL	Estimated $98.8K - $125K a year
ab8fcdcd272d7171	Contact Government Services, LLC	Data Engineer	Hybrid remote in Columbia, SC	DE	ENTRY_LEVEL	Estimated $102K - $129K a year
98cde4fb2a197a2b	Contact Government Services, LLC	Data Engineer	Hybrid remote in Miramar, FL	DE	ENTRY_LEVEL	Estimated $97.1K - $123K a year
0bdb56711a6993cd	Contact Government Services, LLC	Data Engineer	Hybrid remote in Worcester, MA	DE	ENTRY_LEVEL	Estimated $99.8K - $126K a year
77b529756b66064b	Contact Government Services, LLC	Data Engineer	Hybrid remote in Plano, TX	DE	ENTRY_LEVEL	Estimated $104K - $132K a year
1668a16e76323721	Contact Government Services, LLC	Data Engineer	Hybrid remote in Panama City, FL	DE	ENTRY_LEVEL	Estimated $97.1K - $123K a year
320678e880b281ff	Contact Government Services, LLC	Data Engineer	Hybrid remote in Fort Myers, FL	DE	ENTRY_LEVEL	Estimated $97.1K - $123K a year
c95f376eac39e362	Contact Government Services, LLC	Data Engineer	Hybrid remote in Orlando, FL	DE	ENTRY_LEVEL	Estimated $97.1K - $123K a year
02b0fb693adb8cb6	Contact Government Services, LLC	Data Engineer	Hybrid remote in Urbana, IL	DE	ENTRY_LEVEL	Estimated $98.1K - $124K a year
0f8d278c687a350b	Contact Government Services, LLC	Data Engineer	Hybrid remote in Kansas City, MO	DE	ENTRY_LEVEL	Estimated $96.7K - $122K a year
a8095b4a386809a3	Contact Government Services, LLC	Data Engineer	Hybrid remote in Tampa, FL	DE	ENTRY_LEVEL	Estimated $96.6K - $122K a year
5b79e1226f62985c	Contact Government Services, LLC	Data Engineer	Hybrid remote in Fairview, MO	DE	ENTRY_LEVEL	Estimated $96.7K - $122K a year
e831bad6b0b44d80	Contact Government Services, LLC	Data Engineer	Hybrid remote in Lincoln, NE	DE	ENTRY_LEVEL	Estimated $98.8K - $125K a year
eeb86084a7f58676	Contact Government Services, LLC	Data Engineer	Hybrid remote in San Francisco, CA	DE	ENTRY_LEVEL	$100,000 - $165,000 a year
92e00f1da13fa47a	Contact Government Services, LLC	Data Engineer	Hybrid remote in Kansas City, KS	DE	ENTRY_LEVEL	Estimated $98.8K - $125K a year
107bffd2ad5574e5	Contact Government Services, LLC	Data Engineer	Hybrid remote in Tucson, AZ	DE	ENTRY_LEVEL	Estimated $100K - $127K a year
6190965408672d98	Contact Government Services, LLC	Data Engineer	Hybrid remote in Knoxville, TN	DE	ENTRY_LEVEL	Estimated $93K - $118K a year
af521aaaa2fd81f9	Contact Government Services, LLC	Data Engineer	Hybrid remote in Winston-Salem, NC	DE	ENTRY_LEVEL	Estimated $98.9K - $125K a year
5a5139fea19e04d8	Contact Government Services, LLC	Data Engineer	Hybrid remote in Del Rio, TX	DE	ENTRY_LEVEL	Estimated $99K - $125K a year
89ff86d6d1c177ac	Contact Government Services, LLC	Data Engineer	Hybrid remote in Pierre, SD	DE	ENTRY_LEVEL	Estimated $98.8K - $125K a year
207b332ca14c8b66	Contact Government Services, LLC	Data Engineer	Hybrid remote in Baltimore, MD	DE	ENTRY_LEVEL	Estimated $105K - $133K a year
1bbd04e9c375689e	Contact Government Services, LLC	Data Engineer	Hybrid remote in Baltimore, MD	DE	ENTRY_LEVEL	Estimated $105K - $133K a year
95238b2339bcb383	Contact Government Services, LLC	Data Engineer	Hybrid remote in Anniston, AL	DE	ENTRY_LEVEL	Estimated $97K - $123K a year
56a440d9f8cc9e6b	Contact Government Services, LLC	Data Engineer	Hybrid remote in Anniston, AL	DE	ENTRY_LEVEL	Estimated $97K - $123K a year
31c3f7e3b41498aa	ASML	FLS Production Engineer – Production Data Analyst	Wilton, CT 06897	DE	ENTRY_LEVEL	Estimated $74.4K - $94.3K a year
2787c38a189dc7d1	Contact Government Services, LLC	Data Engineer	Hybrid remote in Dallas, TX	DE	ENTRY_LEVEL	Estimated $97.6K - $124K a year
9b20fda1ca33af70	Contact Government Services, LLC	Data Engineer	Hybrid remote in Memphis, TN	DE	ENTRY_LEVEL	Estimated $93K - $118K a year
8e75a5bf502750f6	Contact Government Services, LLC	Data Engineer	Hybrid remote in San Antonio, TX	DE	ENTRY_LEVEL	Estimated $99K - $125K a year
9b614500165bd5fd	Booz Allen Hamilton	Python and SQL Data Engineer	Hybrid remote in Washington, DC	DE	ENTRY_LEVEL	$58,400 - $133,000 a year
e03c49193257c337	JLL	Data Center Facilities Engineer	Sterling, VA	DE	ENTRY_LEVEL	$32 - $42 an hour
ffb7ad5edb4be349	Contact Government Services, LLC	Data Engineer	Hybrid remote in Detroit, MI	DE	ENTRY_LEVEL	Estimated $98.3K - $124K a year
f9619838ac52ef5a	Contact Government Services, LLC	Data Engineer	Hybrid remote in Birmingham, AL	DE	ENTRY_LEVEL	Estimated $97K - $123K a year
b73d246190da195f	Contact Government Services, LLC	Data Engineer	Hybrid remote in Fort Lauderdale, FL	DE	ENTRY_LEVEL	Estimated $97.1K - $123K a year
32bd2858b47e55eb	Contact Government Services, LLC	Data Engineer	Hybrid remote in Houston, TX	DE	ENTRY_LEVEL	Estimated $99K - $125K a year
bc81fd8e699fd9ab	Delphina	Founding Data Infrastructure Engineer	San Francisco, CA	DE	ENTRY_LEVEL	Estimated $159K - $201K a year
472b45b146d6cdf4	Contact Government Services, LLC	Data Engineer	Hybrid remote in Atlanta, GA	DE	ENTRY_LEVEL	Estimated $95.8K - $121K a year
4d34c53aa0a04f4b	Contact Government Services, LLC	Data Engineer	Hybrid remote in Atlanta, GA	DE	ENTRY_LEVEL	Estimated $95.8K - $121K a year
520f9a45131d4aee	Contact Government Services, LLC	Data Engineer	Hybrid remote in Norfolk, VA	DE	ENTRY_LEVEL	Estimated $95.4K - $121K a year
9969fa560a57655b	Contact Government Services, LLC	Data Engineer	Hybrid remote in Miami, FL	DE	ENTRY_LEVEL	Estimated $97.1K - $123K a year
42b6b28580628961	Contact Government Services, LLC	Data Engineer	Hybrid remote in Nashville, TN	DE	ENTRY_LEVEL	Estimated $93K - $118K a year
466873888d137169	Contact Government Services, LLC	Data Engineer	Hybrid remote in Tysons, VA	DE	ENTRY_LEVEL	Estimated $95.4K - $121K a year
6c2cd2aae87c534f	Contact Government Services, LLC	Data Engineer	Hybrid remote in Stafford, VA	DE	ENTRY_LEVEL	Estimated $95.4K - $121K a year
068d3d7668a165e7	Contact Government Services, LLC	Data Engineer	Hybrid remote in Rockville, MD	DE	ENTRY_LEVEL	Estimated $105K - $133K a year
88dc8d5129854312	Xperi	Data Engineer	San Jose, CA 95002	DE	ENTRY_LEVEL	Estimated $98.6K - $125K a year
f8451a64ae546b2e	Contact Government Services, LLC	Data Engineer	Hybrid remote in Washington, DC	DE	ENTRY_LEVEL	Estimated $102K - $129K a year
85d37339603da202	Contact Government Services, LLC	Data Engineer	Hybrid remote in Huntsville, AL	DE	ENTRY_LEVEL	Estimated $97K - $123K a year
8aabf8243ab83821	Contact Government Services, LLC	Data Engineer	Hybrid remote in Las Vegas, NV	DE	ENTRY_LEVEL	Estimated $100K - $127K a year
01c06fcfbac85ab2	King County Library System	Data Engineer	Issaquah, WA 98027	DE	ENTRY_LEVEL	$51.42 - $62.50 an hour
2e6dc96f13b1049b	Contact Government Services, LLC	Data Engineer	Hybrid remote in Seattle, WA	DE	ENTRY_LEVEL	Estimated $104K - $132K a year
38c0a78bbb02f758	Contact Government Services, LLC	Data Engineer	Hybrid remote in Milwaukee, WI	DE	ENTRY_LEVEL	Estimated $94.8K - $120K a year
41cab1dee43632aa	Contact Government Services, LLC	Data Engineer	Hybrid remote in Wichita, KS	DE	ENTRY_LEVEL	Estimated $98.8K - $125K a year
3ce655101b397e9e	Contact Government Services, LLC	Data Engineer	Hybrid remote in El Paso, TX	DE	ENTRY_LEVEL	Estimated $99K - $125K a year
ca9c61c7f36aefda	Contact Government Services, LLC	Data Engineer	Hybrid remote in Arlington, VA	DE	ENTRY_LEVEL	Estimated $95.4K - $121K a year
0cc37b07f175e789	Contact Government Services, LLC	Data Engineer	Hybrid remote in Arlington, VA	DE	ENTRY_LEVEL	Estimated $95.4K - $121K a year
50cd2f8a099a47cd	Contact Government Services, LLC	Data Engineer	Hybrid remote in Philadelphia, PA	DE	ENTRY_LEVEL	Estimated $100K - $127K a year
04dccdbeb0fad921	Contact Government Services, LLC	Data Engineer	Hybrid remote in Chicago, IL	DE	ENTRY_LEVEL	Estimated $97K - $123K a year
edc2a9787f49fcdb	Contact Government Services, LLC	Data Engineer	Hybrid remote in Los Angeles, CA	DE	ENTRY_LEVEL	Estimated $108K - $137K a year
f650aee84da23f2b	Contact Government Services, LLC	Data Engineer	Hybrid remote in Trenton, NJ	DE	ENTRY_LEVEL	Estimated $103K - $131K a year
642d8a514f878473	Contact Government Services, LLC	Data Engineer	Hybrid remote in Wyoming	DE	ENTRY_LEVEL	Estimated $98.8K - $125K a year
13142e8ae5e7e4ed	Contact Government Services, LLC	Data Engineer	Hybrid remote in Newark, NJ	DE	ENTRY_LEVEL	Estimated $103K - $131K a year
29cc392807b1a7be	CapTech Consulting	Data Engineer (AWS, Azure, GCP)	Denver, CO	DE	ENTRY_LEVEL	$75,000 - $160,000 a year
f8bee0bb481ed973	CapTech Consulting	Data Engineer (AWS, Azure, GCP)	Columbus, OH	DE	ENTRY_LEVEL	Estimated $98.4K - $125K a year
95a53efeecd3d333	CapTech Consulting	Data Engineer (AWS, Azure, GCP)	Remote in Atlanta, GA	DE	ENTRY_LEVEL	Estimated $105K - $133K a year
13fff9b573461602	CapTech Consulting	Data Engineer (AWS, Azure, GCP)	Charlotte, NC	DE	ENTRY_LEVEL	Estimated $102K - $129K a year
16b351307e8935ed	CapTech Consulting	Data Engineer (AWS, Azure, GCP)	Richmond, VA (The Fan area)	DE	ENTRY_LEVEL	Estimated $99.7K - $126K a year
47db680239698083	Deloitte	Data Engineer	Rosslyn, VA	DE	ENTRY_LEVEL	Estimated $95.8K - $121K a year
ae431fa6a31fac29	CapTech Consulting	Data Engineer (AWS, Azure, GCP)	Chicago, IL	DE	ENTRY_LEVEL	Estimated $102K - $129K a year
fdd00bc1b90ebaa6	CapTech Consulting	Data Engineer (AWS, Azure, GCP)	Philadelphia, PA	DE	ENTRY_LEVEL	Estimated $102K - $129K a year
66637dc6c2911f9e	iOLAP	Data Engineer	Remote in Frisco, TX	DE	ENTRY_LEVEL	Estimated $104K - $132K a year
d2d4c176b99b1e9a	Earth Resources Technology, Inc	Climate Data Analyst/Software Engineer	Remote in Asheville, NC	DE	ENTRY_LEVEL	NA
5da0b142c2a80c07	L3Harris Technologies	Specialist Test Data Systems Engineer	Culpeper, VA	DE	ENTRY_LEVEL	Estimated $104K - $132K a year
b24d1f229e1eb1e8	Meta	SiteOps Data Center Operations Engineer	Crook County, OR	DE	ENTRY_LEVEL	$66,997 - $99,008 a year
fead0f5537122187	US News & World Report ,L.P.	Data Engineer, Python ETL	Washington, DC 20007 (Georgetown area)	DE	ENTRY_LEVEL	NA
5719958169adf47d	US Central Intelligence Agency	Data Engineer	Washington, DC	DE	ENTRY_LEVEL	$69,287 - $145,617 a year
1c31186f533180b9	CBRE	Building Engineer- Data Center Experience Required	Houston, TX	DE	ENTRY_LEVEL	Estimated $57K - $72.2K a year
1ca32dbcb0c625d3	Dun & Bradstreet	Senior Data Ops Engineer (R-15257)	Hybrid remote in Jacksonville, FL 32256	DE	ENTRY_LEVEL	Estimated $108K - $136K a year
17fa04808924811a	STAND 8	DATA ENGINEER	Los Angeles, CA	DE	ENTRY_LEVEL	NA
5164c470f0508061	Sumitomo Mitsui Banking Corporation	Software Engineer - Data (Hybrid)	Scottsdale, AZ 85255 (North Scottsdale area)	DE	ENTRY_LEVEL	$76,000 - $104,000 a year
23a6d4fbdf245068	Plaxonic Technologies	AWS Data Engineer	Reston, VA	DE	ENTRY_LEVEL	NA
4670366cfbddb914	Okaya Corp	M365 Data/Analytics Engineer	Remote	DE	ENTRY_LEVEL	NA
0ddc6bda702e419f	Okaya Corp	Cloud Data Access Management Engineer	Remote	DE	ENTRY_LEVEL	NA
95f82381a3ac01cf	Apple	iPhone Data Analysis Engineer	Cupertino, CA	DE	ENTRY_LEVEL	NA
e813a920d239fd06	Chartway Federal Credit Union	Data Engineer	Virginia Beach, VA	DE	ENTRY_LEVEL	NA
f5bf2682d5963f38	Slesha	JOB ID 10900: Data Engineer	Irving, TX 75039	DE	ENTRY_LEVEL	NA
6f2e44be830aab1d	Slesha	JOB ID 10842: Data Engineer	Irving, TX 75039	DE	ENTRY_LEVEL	NA
0f28386a76e636ed	Harmann Studios	Data Science Engineer	De Pere, WI 54115	DE	ENTRY_LEVEL	NA
774a9bca634cb3a2	Bridgeton Research Group	Junior Data Engineer	Westport, CT 06880	DE	ENTRY_LEVEL	NA
c7ad46cc541c1ab1	Admetricks	Data Classification Engineer	Remote	DE	ENTRY_LEVEL	NA
34104c96c3290a7d	Noggin	Data Engineer	Fort Lauderdale, FL 33309	DE	ENTRY_LEVEL	NA
8da74e8daac255bd	Credicorp Capital	Data Engineer	Hybrid remote in Colorado	DE	ENTRY_LEVEL	NA
5f4bc478d5ad0319	ManTech International Corporation	Data Engineer	McLean, VA	DE	ENTRY_LEVEL	Estimated $110K - $139K a year
3069e394b7b7a20a	Photon	Data Engineer	Las Vegas, NV	DE	ENTRY_LEVEL	Estimated $120K - $152K a year
9ab06fcc5c383bab	Dun & Bradstreet	Senior Data Ops Engineer (R-15283)	Hybrid remote in Austin, TX	DE	ENTRY_LEVEL	Estimated $110K - $139K a year
70f9d28301dcdf69	Dun & Bradstreet	Senior Data Ops Engineer (R-15257)	Hybrid remote in Austin, TX	DE	ENTRY_LEVEL	Estimated $110K - $139K a year
7108d5245e21f133	Apple	Software Engineer - Big Data Technologies	San Diego, CA	DE	ENTRY_LEVEL	NA
0cb9b35cbc0d0088	TikTok	Software Engineer, Data Engine	San Jose, CA	DE	ENTRY_LEVEL	$136,800 - $280,000 a year
3962048ca0e26b2e	Dun & Bradstreet	Senior Data Ops Engineer (R-15283)	Hybrid remote in Jacksonville, FL 32256	DE	ENTRY_LEVEL	Estimated $108K - $136K a year
9bedd9f3d824f0b5	Set of X	Software Engineer - Data Analytics	Annapolis Junction, MD	DE	ENTRY_LEVEL	NA
f257e6606bb6b158	ONNEC Group	Data Center Cabling & Hardware Support Engineer	Shelton, CT 06484	DE	ENTRY_LEVEL	$60,000 - $65,000 a year
595390fac04b4d26	Deloitte	Data Engineer	Rosslyn, VA	DE	ENTRY_LEVEL	Estimated $93K - $118K a year
5841967d29ba3264	Deloitte	Cloud Data Engineer - GCP | Terraform | Databricks | Snowflake - Clearance Req.	Rosslyn, VA	DE	ENTRY_LEVEL	Estimated $104K - $132K a year
d5875a1ffee6e272	Netflix	Data Engineer (L5)	Remote	DE	ENTRY_LEVEL	NA
aa94efb8cf6ef4d7	BayOne	Data Engineer	Remote in Santa Clara, CA	DE	ENTRY_LEVEL	$85 an hour
8c09c0b539bc718f	Vibrant Emotional Health	Data Engineer II	Remote	DE	ENTRY_LEVEL	$92,000 - $105,800 a year
93d0b50317ed34e6	BayOne	Data Engineer with Data Bricks	Santa Clara, CA	DE	ENTRY_LEVEL	$90 an hour
21634071dcb64e5f	BayOne	Data Engineer (Offshore)	Remote in San Francisco, CA	DE	ENTRY_LEVEL	Estimated $125K - $158K a year
4bac1e20743887a0	BayOne	Data Engineer (Offshore)	Remote in San Francisco, CA	DE	ENTRY_LEVEL	Estimated $125K - $158K a year
3901dabfb6f06a6a	BayOne	Data Engineer (Offshore)	Remote in San Francisco, CA	DE	ENTRY_LEVEL	Estimated $125K - $158K a year
00464cc89d4cc22e	US Central Intelligence Agency	DST Data Engineer	Washington, DC	DE	ENTRY_LEVEL	NA
b15d8ccb6cd4056e	BayOne	Data Engineer	San Francisco, CA	DE	ENTRY_LEVEL	Estimated $130K - $164K a year
1c590c5382bd5fe0	Inclusively	Data Engineer - HYBRID	Remote in New York, NY 10001	DE	ENTRY_LEVEL	NA
a0c8759d62d508b3	BayOne	Data Warehousing Engineer	Mountain View, CA	DE	ENTRY_LEVEL	Estimated $111K - $141K a year
1ba8ebaffbed8893	New York Life Insurance Co	Data Engineer	Remote in New York, NY	DE	ENTRY_LEVEL	NA
82ae18831df63ab9	SoHo Dragon	Data Engineer	Hybrid remote in Bridgewater, NJ	DE	ENTRY_LEVEL	NA
37d00b1de78f7fbb	BayOne	Data Platform Engineer	Santa Clara, CA	DE	ENTRY_LEVEL	$85 - $90 an hour
20f4432e68a8a98a	BayOne	Data Techno-Functional Engineer	Pleasanton, CA 94588	DE	ENTRY_LEVEL	Estimated $111K - $141K a year
b84f2981bce0aa23	BayOne	Data Engineer with Scala	Santa Clara, CA	DE	ENTRY_LEVEL	Estimated $126K - $160K a year
e0c481559d256502	Advanced Micro Devices, Inc	Data Center GPU Applications Stress Engineer	Austin, TX 78735 (East Oak Hill area)	DE	ENTRY_LEVEL	Estimated $111K - $141K a year
85f2043845ccc3c6	T-Rex Solutions	Data Engineer	Washington, DC	DE	ENTRY_LEVEL	NA
1effb9a020d2fde2	BayOne	Data Engineer with Scala	Santa Clara, CA	DE	ENTRY_LEVEL	Estimated $126K - $160K a year
b42d5bfb834ab320	Catalist	Data Services Engineer	Remote in Washington, DC	DE	ENTRY_LEVEL	NA
9ee3cc7c795ce047	BayOne	Product Analyst (Data Analyst/Data Engineer)	Pleasanton, CA 94588	DE	ENTRY_LEVEL	Estimated $97.1K - $123K a year
16702d758fe4a011	CrowdStrike	Data/Cloud Engineer - Information Architecture (Remote)	Remote	DE	ENTRY_LEVEL	NA
d7616918edbb33f4	Buyers Edge Platform, LLC	Data Engineer	Remote	DE	ENTRY_LEVEL	Estimated $110K - $139K a year
6161a58c689ceac5	PRA Group Deutschland GmbH	Senior Data Engineer - Azure Data Factory - Norfolk, VA	Hybrid remote in Norfolk, VA	DE	ENTRY_LEVEL	Estimated $135K - $171K a year
8b6808fdd3c91f8c	PSRTEK	Data Engineer with Java (Only 10+ Years)	Alpharetta, GA 30004	DE	ENTRY_LEVEL	NA
7b458b5307762876	CBRE	Data Center Building Engineer (Night Shift)	St. Louis, MO 63105	DE	ENTRY_LEVEL	Estimated $55.5K - $70.2K a year
e95986059a69226c	Munich Re America Services	Data Engineer	New York, NY	DE	ENTRY_LEVEL	NA
8765d8e614121872	Quantam	Systems Engineer (Data Recovery, Internet Trace Evidence Recovery & Analysis, Forensics Analysis Experience Required)	Glastonbury, CT	DE	ENTRY_LEVEL	$34.73 - $44.73 an hour
7a894b541ddc5afb	Techwaukee	Data Engineer	Houston, TX	DE	ENTRY_LEVEL	NA
cf47369bbf7d0c0a	M. A. Mortenson Company	MEP Project Engineer I - Data Center	Nebraska	DE	ENTRY_LEVEL	Estimated $73.6K - $93.2K a year
eb96e976839a8adc	SRS Acquiom	Data Platform Engineer	Remote	DE	ENTRY_LEVEL	NA
dbc8260cec951fa7	Catalist	Data Engineer	Remote in Washington, DC	DE	ENTRY_LEVEL	$64,000 - $74,000 a year
5a20fdb9581e6abf	Coframe	Data Infrastructure Engineer	San Francisco, CA	DE	ENTRY_LEVEL	NA
db7b05c29a4b2cdd	Metrohm Spectro	Data Engineer	Plainsboro, NJ 08536	DE	ENTRY_LEVEL	NA
59687f23b565567d	Leidos	AI Operations and Data Transformation Engineer	Maryland	DE	ENTRY_LEVEL	$118,300 - $213,850 a year
81eff8e938266164	Blue Sky Innovators	Software Engineer-Data Engineer, TS/SCI	Reston, VA 20190	DE	ENTRY_LEVEL	Estimated $132K - $167K a year
757d21b80156287f	PRA Group	Senior Data Engineer - Azure Data Factory - Norfolk, VA	Hybrid remote in Norfolk, VA	DE	ENTRY_LEVEL	NA
cfdc1d732836b55f	NYC Careers	Cyber Associate Data Engineer	Brooklyn, NY 11201	DE	ENTRY_LEVEL	$78,795 - $95,000 a year
9575e5462742818c	Bridge Core (BCore)	Data Engineer	McLean, VA	DE	ENTRY_LEVEL	NA
e67b0f02818ef822	Man-Machine Systems Assessment	Part-time Data Engineer/Analyst	Hybrid remote in Washington, DC 20301	DE	ENTRY_LEVEL	NA
f67fdf2865b29ba5	Hamilton Lane	ETL Data Engineer	Philadelphia, PA	DE	ENTRY_LEVEL	NA
19bbb299360978c6	Saint Gobain	Essentials of Manufacturing Engineer - Data Science	Malvern, PA	DE	ENTRY_LEVEL	NA
ae511c383893eca3	Steneral Consulting	Hybrid Work - Need Senior Data Platform Engineer-Azure in Des Moines IA	Hybrid remote in Des Moines, IA	DE	ENTRY_LEVEL	Estimated $130K - $165K a year
061a36507d2ece4b	NYC Careers	Cyber Associate Data Engineer	Brooklyn, NY 11201	DE	ENTRY_LEVEL	$78,795 - $95,000 a year
8e17c2798f3bfe22	Steneral Consulting	Hybrid Work - Need Senior Data Platform Engineer-Azure in Des Moines IA	Hybrid remote in Des Moines, IA	DE	ENTRY_LEVEL	Estimated $130K - $165K a year
8fd08654cdd3748e	CHS Corporate	Case Management Clinical Data Performance Engineer	Franklin, TN 37067	DE	ENTRY_LEVEL	NA
70889040ebf437f1	Meta	SiteOps Data Center Capacity Engineer	Crook County, OR	DE	ENTRY_LEVEL	$66,997 - $99,008 a year
2a2ac59496d6bd06	Princeton University	Data Engineer	Princeton, NJ 08542	DE	ENTRY_LEVEL	NA
58c5b8cf5785c248	Millennial Software	Software/Data Engineer TS/SCI + Polygraph $120K - $200k + 15% 401k	McLean, VA	DE	ENTRY_LEVEL	$100,000 - $200,000 a year
f36adfaae0a4a88f	Wizeline	QA Data Engineer	Remote	DE	ENTRY_LEVEL	NA
69557f43e9620075	Merck Sharp & Dohme	Associate Specialist, Data Engineer Fellowship (Hiring Our Heroes) (Hybrid)	West Point, PA 19486	DE	ENTRY_LEVEL	Estimated $91.9K - $116K a year
12b8ba5e231f395a	Werfen	Data Engineer Co-Op	Bedford, MA 01730	DE	ENTRY_LEVEL	Estimated $84K - $106K a year
c59efe1c06101bf9	Encore Fire Protection	Data Integration Engineer	Needham, MA	DE	ENTRY_LEVEL	NA
61660c855b76cfdd	CHS Corporate	Case Management Clinical Data Performance Engineer	Franklin, TN 37067	DE	ENTRY_LEVEL	Estimated $54.3K - $68.8K a year
f38b797b9871d9ad	Nike	Data Engineer	Beaverton, OR 97078	DE	ENTRY_LEVEL	NA
4bdb53f4b6826326	Accenture Federal Services	Azure Data Engineer	Remote	DE	ENTRY_LEVEL	NA
08d94779b01846f5	Redhorse	Data Engineer - Active Secret Clearance Required	Tampa, FL	DE	ENTRY_LEVEL	NA
2b11b3a5d843a266	Tranquil Multi Dynamic Advisory	Data Engineer	Aurora, IL	DE	ENTRY_LEVEL	Estimated $107K - $136K a year
905570cd28fb0153	Capgemini	Software Engineer Lead -Dome analytics Transition - Microsoft Azure Data Engineer	Richmond, VA	DE	ENTRY_LEVEL	Estimated $118K - $150K a year
66f5f16637f8a4cd	Hull Tactical Asset Allocation	Financial Data Engineer	Chicago, IL	DE	ENTRY_LEVEL	Estimated $114K - $144K a year
1a55bf36f38e3f40	Cupertino Electric, Inc.	Project Engineer - Data Center Construction	Quincy, WA	DE	ENTRY_LEVEL	$65,000 - $80,000 a year
41f919909a20c973	Capgemini	Software Engineer Lead -Dome analytics Transition - Microsoft Azure Data Engineer	Virginia	DE	ENTRY_LEVEL	Estimated $118K - $150K a year
45cf7e5b6edba0bb	P3 Adaptive	Principal Azure Data Engineer	Remote	DE	ENTRY_LEVEL	$110,000 - $140,000 a year
d8fa9699dabd9ee7	Vivo	Data Center Engineer	San Jose, CA	DE	ENTRY_LEVEL	$65 - $75 an hour
1e44272376ecd5cb	Digital Plus Solutions	Data Engineer MongoDB	Waltham, MA	DE	ENTRY_LEVEL	NA
79fe7468a9e7eef9	Carlsmed	Clinical Research Data Engineer	Carlsbad, CA 92008	DE	ENTRY_LEVEL	NA
2877deaffaafd9c3	TRESUME	Data Engineer	Vienna, VA 22182	DE	ENTRY_LEVEL	NA
6a1e4e2c5adc310c	LiveRamp	Software Development Engineer - Big Data Backend	Remote in San Francisco, CA	DE	ENTRY_LEVEL	$120,000 - $165,000 a year
d4c658ebe903afda	Amivero	Junior Data Mining and Analytics Engineer	Remote	DE	ENTRY_LEVEL	Estimated $85K - $108K a year
15135b94f39de650	Equinix	Data Center Critical Facilities Engineer IV	Ashburn, VA 20147	DE	ENTRY_LEVEL	NA
906fffefcf497fd9	Compass Corporate	DATA ENGINEER	Charlotte, NC 28217	DE	ENTRY_LEVEL	NA
9645865805f0ec5b	Meta	SiteOps Data Center Operations Engineer	Aurora, IL	DE	ENTRY_LEVEL	$66,997 - $99,008 a year
ad27608d86639dfc	Combined Insurance	Sr. Data Engineer	Malvern, PA	DE	ENTRY_LEVEL	NA
d78c21e67324852a	Data Ideology	Data Engineer	Remote	DE	ENTRY_LEVEL	Estimated $94.4K - $119K a year
36808ef7326fd51e	Nike	Data Engineer	Beaverton, OR 97078	DE	ENTRY_LEVEL	NA
6962cbe45c2f63f1	QinetiQ US	Cloud Data Engineer	Herndon, VA	DE	ENTRY_LEVEL	NA
d5fe32781c1a0735	Linktree	Staff Data Engineer	Hybrid remote in Los Angeles, CA	DE	ENTRY_LEVEL	$175,000 - $225,000 a year
3f914ebf39151fb6	Linktree	Staff Data Engineer	Hybrid remote in San Francisco, CA	DE	ENTRY_LEVEL	NA
a6e80a71058ce599	LTIMindtree	Data Engineer	Bellevue, WA 98007 (Lake Hills area)	DE	ENTRY_LEVEL	NA
2648e1c776b16082	Institute for Defense Analyses	Data Engineer	Alexandria, VA 22311 (Alexandria West area)	DE	ENTRY_LEVEL	NA
03da9f5e70c73831	Salesforce	C# Software Engineer, Marketing Cloud Data Platform (Lead/Principal)	Indianapolis, IN 46204 (Downtown area)	DE	ENTRY_LEVEL	$172,500 - $280,200 a year
20c0c0228da7c3f1	Cupertino Electric, Inc.	Construction Project Engineer - Data Center	New Albany, OH	DE	ENTRY_LEVEL	$65,000 - $75,000 a year
cbed711e526860a2	LimnoTech	Water Resources Engineer, Scientist, or Data Scientist	Oakdale, MN	DE	ENTRY_LEVEL	$80,000 - $100,000 a year
ef41c5d19e821a6f	Quest Global	Quality Engineer - Data Analysis	Greenville, SC 29601	DE	ENTRY_LEVEL	Estimated $71.4K - $90.4K a year
e753795b89551462	Emerson	Enterprise Data Solutions (EDS) Engineer	Pittsburgh, PA	DE	ENTRY_LEVEL	Estimated $74.3K - $94.1K a year
c7a7ed5779d5dca0	Jade Global	Data Engineer	San Jose, CA	DE	ENTRY_LEVEL	NA
254486249c35bf53	Lockheed Martin Corporation	Data Engineer (HYBRID TELEWORK)	Milwaukee, WI (Land Bank area)	DE	ENTRY_LEVEL	Estimated $82.4K - $104K a year
559df3f30ff38ef1	Zeus Fire & Security	Data Engineer	Paoli, PA 19301	DE	ENTRY_LEVEL	NA
bf363bb7effcbd90	Vass	Data Engineer Azure	Remote	DE	ENTRY_LEVEL	NA
eb5cbaa632125942	TricorBraun Inc	Lead Data Engineer	St. Louis, MO	DE	ENTRY_LEVEL	Estimated $96.7K - $122K a year
903a7d32498f4eaf	Deutsche Bank	Cloud Data Engineer - Assistant Vice President	Remote in Cary, NC	DE	ENTRY_LEVEL	NA
9c40d564814e6a09	Deutsche Bank	Lead Business Functional Analyst – Strategic Data Archive Onboarding Engineer - Assistant Vice President	Remote in Cary, NC	DE	ENTRY_LEVEL	NA
1fb82c5ae0e43a87	Accenture Federal Services	Data Engineer	Chantilly, VA	DE	ENTRY_LEVEL	NA
cdb1cf68fed5a816	Capital Group Companies	CAMPUS: Data Engineer (2024)	Irvine, CA	DE	ENTRY_LEVEL	NA
72bed682950de7d3	Disruptive Solutions	Data Engineer 2	Washington, DC	DE	ENTRY_LEVEL	NA
07fe5d6a7c5e87aa	Pyramid Global Hospitality Corporate Offices -...	Hospitality Data Systems Engineer	Boston, MA 02110 (Downtown area)	DE	ENTRY_LEVEL	$75,000 - $105,000 a year
b298d98890e386a8	Zoox	Data Center Engineer	Foster City, CA	DE	ENTRY_LEVEL	NA
3c744d0b288e1709	Relativity Space	Data and Control Systems Engineer	Mississippi State, MS	DE	ENTRY_LEVEL	NA
35dc39583c6251bb	AccelPad	Data Engineer	Remote	DE	ENTRY_LEVEL	NA
6c89a0d54f3a3fd4	MX Technologies Inc.	Staff Software Engineer, Investment Data	Hybrid remote in Lehi, UT 84043	DE	ENTRY_LEVEL	$150,000 - $180,000 a year
5a623598a9d99025	Clario	Data Delivery Engineer	Remote	DE	ENTRY_LEVEL	NA
9b1ae4b1977bb95f	Open Road Media	Junior Data Engineer	New York, NY 10038 (Financial District area)	DE	ENTRY_LEVEL	NA
4bf9394a8f1f3219	Perficient, Inc	AWS Lead DevOps Engineer - Data Pipeline - REMOTE	Remote in United States	DE	ENTRY_LEVEL	NA
8b087b251b54d2fa	Eco Financial	Data Analytics Engineer	McLean, VA 22102	DE	ENTRY_LEVEL	NA
b177a2571d9d2e19	Cupertino Electric, Inc.	Project Engineer- Data Center Construction	Columbus, OH 43004	DE	ENTRY_LEVEL	$65,000 - $85,000 a year
25c2b15da92f2725	CoreWeave	Data Engineer	Roseland, NJ	DE	ENTRY_LEVEL	From $115,000 a year
df9f07668d58be86	Tek Ninjas	CLOUD BIG DATA ENGINEER	Carrollton, TX 75007	DE	ENTRY_LEVEL	NA
73d58335a3d96858	Arthur Grand Technologies Inc	AWS Data Engineer Architect	Columbus, OH 43085 (Worthington Village North area)	DE	ENTRY_LEVEL	NA
f8aca6ea291d2183	Clarity Innovations	Software Engineer (Data Analytics Focus) SWE3 (QC) T08-004	Annapolis Junction, MD	DE	ENTRY_LEVEL	Estimated $121K - $153K a year
c51c1745e5177ff9	Meta	Data Center Production Operations Engineer (University Grad)	Prineville, OR 97754	DE	ENTRY_LEVEL	$66,997 - $99,008 a year
2bd987e2dd698e01	Tesla	Vibration Test & Data Analysis Engineer	Fremont, CA	DE	ENTRY_LEVEL	NA
06c13fbd6f57affd	Encore Technologies	Data Center (ACI/Nexus) Network Engineer/Architect	Louisville, KY	DE	ENTRY_LEVEL	$140,000 - $160,000 a year
af4075ace12b6f30	Meta	Data Center Production Operations Engineer (University Grad)	Crook County, OR	DE	ENTRY_LEVEL	$66,997 - $99,008 a year
6b10890b9b6985da	Meta	Data Center Production Operations Engineer (University Grad)	Eagle Mountain, UT 84005	DE	ENTRY_LEVEL	$66,997 - $99,008 a year
0c00c925cba2bd85	First Solar	Associate Engineer (Data)	Perrysburg, OH	DE	ENTRY_LEVEL	NA
f13930250f808da3	Finch Computing	Data Engineer - TS/SCI with Polygraph	Chantilly, VA	DE	ENTRY_LEVEL	Estimated $136K - $172K a year
b20e76083a2b153e	Meta	SiteOps Data Center Operations Engineer	Prineville, OR 97754	DE	ENTRY_LEVEL	$66,997 - $99,008 a year
87159ba15d50f3c2	Meta	SiteOps Data Center Operations Engineer	Mesa, AZ	DE	ENTRY_LEVEL	$66,997 - $99,008 a year
169f926a2bc233ea	Meta	SiteOps Data Center Operations Engineer	Eagle Mountain, UT 84005	DE	ENTRY_LEVEL	$66,997 - $99,008 a year
97bfc5fc54e9b93c	Meta	SiteOps Data Center Operations Engineer	Forest City, NC 28043	DE	ENTRY_LEVEL	$66,997 - $99,008 a year
732773b1d320cd30	Meta	SiteOps Data Center Operations Engineer	Huntsville, AL	DE	ENTRY_LEVEL	$66,997 - $99,008 a year
0e9dd01df2fd5c31	Intelliswift Software, Inc.	Data Center Technical Operations Engineer I	Sterling, VA	DE	ENTRY_LEVEL	$38 - $40 an hour
fe31eeed0d37a0b5	Vibrant Credit Union	Data Engineer	Moline, IL 61265	DE	ENTRY_LEVEL	NA
2abfdc363ea21a82	Data Piper	GCP Data Engineer (Dataflow & Bigquery is required)	Pleasanton, CA 94566	DE	ENTRY_LEVEL	NA
106fb9a72a6e4bb7	UDig	Data Engineer (Associate Consultant), June 2024	Remote in Nashville, TN	DE	ENTRY_LEVEL	NA
d77e09fb5c581680	Cyberhill Partners LLC	Data Engineer / Data Scientist	McLean, VA 22103	DE	ENTRY_LEVEL	NA
1bbad96cd86a83e7	FanDuel	Data Platform Engineer	Atlanta, GA	DE	ENTRY_LEVEL	Estimated $122K - $154K a year
a1260c2fbdcee5c1	Inteli platformS	DATA ENGINEER:	West Windsor, NJ	DE	ENTRY_LEVEL	NA
ca6f2bbb7c399802	MAQ Software	Software Data Operations Engineer	Redmond, WA 98052	DE	ENTRY_LEVEL	NA
4fef548018ba0ece	UDig	Data Engineer (Associate Consultant), June 2024	Richmond, VA	DE	ENTRY_LEVEL	Estimated $68.4K - $86.6K a year
0e6d82aa842175d7	Accenture Federal Services	Cloud Data Platform Engineer	Charlotte, NC	DE	ENTRY_LEVEL	NA
199cd91d21f22db0	Johns Hopkins Applied Physics Laboratory (APL)	2024 Graduate - AI/ML Data Scientist/Engineer - Analytic Capabilities	Laurel, MD 20723	DE	ENTRY_LEVEL	NA
e069de37f7f6a8cb	Johns Hopkins Applied Physics Laboratory (APL)	2024 Graduate - Data Scientist/Engineer - Decision Systems	Laurel, MD 20723	DE	ENTRY_LEVEL	NA
df726ef4e8b94b94	Aspen Dental	Senior Data Engineer	Chicago, IL 60607 (Near West Side area)	DE	ENTRY_LEVEL	NA
bb9b467a1471538d	Veeva Systems	Principal Software Engineer - Data Migration	Pleasanton, CA 94588	DE	ENTRY_LEVEL	$180,000 - $300,000 a year
82208a97bdb21ce5	FanDuel	Data Platform Engineer	Hybrid remote in New York, NY	DE	ENTRY_LEVEL	$108,000 - $148,500 a year
4d3d2ea156c29d5f	Accenture Federal Services	Cloud Data Platform Engineer	Columbus, OH	DE	ENTRY_LEVEL	NA
580734c578d2dadf	Accenture Federal Services	Data Platform Engineer	St. Louis, MO	DE	ENTRY_LEVEL	NA
78e8138e63b618cd	Johns Hopkins Applied Physics Laboratory (APL)	2024 PhD Graduate - Data Scientist/Engineer - Decision Systems	Laurel, MD 20723	DE	ENTRY_LEVEL	NA
38253501d4cc336f	Accenture Federal Services	Cloud Data Platform Engineer	Cincinnati, OH	DE	ENTRY_LEVEL	NA
876a124226c2cd01	Accenture Federal Services	Cloud Data Platform Engineer	Phoenix, AZ	DE	ENTRY_LEVEL	NA
f7bc9a8ddbda00c7	Accenture Federal Services	Cloud Data Platform Engineer	San Antonio, TX	DE	ENTRY_LEVEL	NA
ed77a6015b352baf	Accenture Federal Services	Cloud Data Platform Engineer	Tampa, FL	DE	ENTRY_LEVEL	NA
6487a81e70344172	Accenture Federal Services	Data Platform Engineer	Raleigh, NC	DE	ENTRY_LEVEL	NA
10a8d8aaefcc5890	Accenture Federal Services	Cloud Data Platform Engineer	Miami, FL	DE	ENTRY_LEVEL	NA
d0e7c2e471797688	Veeva Systems	Principal Software Engineer - Data Migration	Boston, MA	DE	ENTRY_LEVEL	$180,000 - $300,000 a year
d8323f25ec340b68	Booz Allen Hamilton	Data Engineer	Remote in Troy, MI	DE	ENTRY_LEVEL	$58,300 - $133,000 a year
3eb9b4d5a89f2149	Accenture Federal Services	Cloud Data Platform Engineer	Atlanta, GA	DE	ENTRY_LEVEL	NA
761b54d93c13bea3	Oracle	Data Center Engineer	Kansas City, MO 64137 (Fairlane area)	DE	ENTRY_LEVEL	Estimated $87.5K - $111K a year
52d982a2e9d41d2c	Allen Institute	Scientific Data Engineer – Image-Based Machine Learning	Hybrid remote in Seattle, WA 98109	DE	ENTRY_LEVEL	NA
831106048cc180ac	Elenchus Technologies	Software Engineer 1 (Data Management)- NHTT05	Forest Hill, MD 21050	DE	ENTRY_LEVEL	Estimated $95.1K - $120K a year
4fc4bde996e2c82e	bp	Data engineer	Hybrid remote in Chicago, IL	DE	ENTRY_LEVEL	NA
b3642c37333c89be	Elenchus Technologies	Software Engineer 1 (Data Pipeline)- NHTT05	Forest Hill, MD 21050	DE	ENTRY_LEVEL	Estimated $86.3K - $109K a year
d6b03f86127be7e4	Oracle	Data Center Engineer	Kansas City, MO 64137 (Fairlane area)	DE	ENTRY_LEVEL	Estimated $87.5K - $111K a year
370499d8a2824cfc	Oracle	Data Center Engineer	Kansas City, MO 64137 (Fairlane area)	DE	ENTRY_LEVEL	Estimated $87.5K - $111K a year
923b4fc9add6bf8f	Oracle	Data Center Engineer	Kansas City, MO 64137 (Fairlane area)	DE	ENTRY_LEVEL	Estimated $87.5K - $111K a year
99a9589ee170bfed	BISSELL Homecare	Data Engineer I	Grand Rapids, MI 49544	DE	ENTRY_LEVEL	NA
eaff36e276b47877	Johns Hopkins Applied Physics Laboratory (APL)	2024 PhD Graduate - AI/ML Data Scientist/Engineer - Analytic Capabilities	Laurel, MD 20723	DE	ENTRY_LEVEL	NA
dfcf67e4a7a31753	JLL	Data Center Facilities Engineer	Sterling, VA	DE	ENTRY_LEVEL	$32 - $42 an hour
6d4e72b362cbd347	TENICA and Associates LLC	Data Science Cyber Systems Engineer	Springfield, VA 22150	DE	ENTRY_LEVEL	Estimated $130K - $164K a year
11372bb92cfe144c	Bow Wave LLC	Software Data Engineer - All levels FULL SCOPE POLYGRAPH ONLY	Tysons, VA	DE	ENTRY_LEVEL	NA
5510ce22b99f9337	City of Richmond, KY	IT Data Engineer	Richmond, KY 40475	DE	ENTRY_LEVEL	NA
2871fc035eda8ebc	TikTok	Software Engineer - Data Security	San Jose, CA 95110 (Downtown area)	DE	ENTRY_LEVEL	$136,800 - $280,000 a year
5565bf3d348918b9	Intelliswift Software, Inc.	Data Engineer 4	San Jose, CA	DE	ENTRY_LEVEL	NA
8c3538cc4c198d5e	California Air Resources Board	Carbon Market Data Program Engineer	Sacramento, CA	DE	ENTRY_LEVEL	NA
7a04bde880b4f2ed	The Hartford	Associate Data Engineer - Tech Catalyst Program	Hartford, CT	DE	ENTRY_LEVEL	NA
b1763b8930b2b1c2	Johns Hopkins Applied Physics Laboratory (APL)	Electro-Optic Data Scientist / System Engineer	Laurel, MD 20723	DE	ENTRY_LEVEL	NA
f740c081e2a36dcf	WSP	Associate Electrical Engineer (Mission Critical/Data Center)	Troy, NY	DE	ENTRY_LEVEL	$61,700 - $108,200 a year
2961463c66e9a84d	Honeywell	Information Systems, IT, Cyber Engineer & Data Science (Recent Grad/Full Time)	United States	DE	ENTRY_LEVEL	NA
faddae9e9346f035	Honeywell	Information Systems, IT, Cyber Engineer & Data Science - Recent Grad/Full Time (US Person Required)	United States	DE	ENTRY_LEVEL	NA
cd7be8268585fea3	Springfield Clinic	Data Engineer	Springfield, IL 62704	DE	ENTRY_LEVEL	NA
0a5153cd9c8cd724	Mainstreet Bank	Data Systems Engineer	Hybrid remote in Sterling, VA 20166	DE	ENTRY_LEVEL	NA
994e7e388f5ca933	Applied Intuition	Data Infrastructure Engineer	Mountain View, CA	DE	ENTRY_LEVEL	NA
9233da7be06b57e3	Avera Health-Info Technology Center	Enterprise Data Engineer - Full-time	Sioux Falls, SD 57104 (Downtown area)	DE	ENTRY_LEVEL	$31.75 - $48.00 an hour
f9ef1a3baad6076b	ICS Global Soft	Data Science/ Machine Learning Engineer	Irving, TX 75038 (Cottonwood area)	DE	ENTRY_LEVEL	NA
0d8d7897c2dcbd88	ProIT Inc.	AWS Data Engineer	Utica, MI 48315	DE	ENTRY_LEVEL	NA
90d48dc7722802c2	Agama Solutions	Data Engineer IV	Austin, TX	DE	ENTRY_LEVEL	NA
72a3bfeedd5fc301	Ed Mehlman and Associates	Excel Expert Software Engineer/Data Scientist	Houston, TX 77005 (Greenway - Upper Kirby area)	DE	ENTRY_LEVEL	NA
9ee46ccc59a454db	Aspen Dental	Director of Data Engineer – Revenue Cycle Management	Chicago, IL 60607 (Near West Side area)	DE	ENTRY_LEVEL	NA
a7c17e1b9a90ac19	BRS	Data and Cloud Engineer	San Antonio, TX	DE	ENTRY_LEVEL	Estimated $94.5K - $120K a year
b3c5098ca81e1814	BRS	Data and Cloud Engineer	San Antonio, TX	DE	ENTRY_LEVEL	Estimated $94.5K - $120K a year
a6cf9a463fecf4a3	Bayer	Data Engineer Co-Op	Creve Coeur, MO	DE	ENTRY_LEVEL	NA
521e6350a752ce3c	TikTok	Backend Software Engineer Graduate (TikTok Eng - Data Access Team) - 2024 Start (BS/MS)	San Jose, CA 95110 (Downtown area)	DE	ENTRY_LEVEL	NA
0380cc3c6e189b34	CSAA Insurance Group	Data Services Engineer - Remote	Remote in Arizona	DE	ENTRY_LEVEL	NA
0247d674e93b016f	TikTok	Data Engineer, Video Systems, USDS	Mountain View, CA 94041 (Old Mountain View area)	DE	ENTRY_LEVEL	$112,065 - $259,200 a year
02323937682b951b	Naval Nuclear Laboratory	Data Engineer	Niskayuna, NY	DE	ENTRY_LEVEL	NA
c4ebb24cec2ada60	Clark Construction Group	Data Warehouse Engineer	McLean, VA 22107	DE	ENTRY_LEVEL	Estimated $102K - $129K a year
3822bf88a5cadbbe	KBR	Data Engineer	Reston, VA 20191	DE	ENTRY_LEVEL	Estimated $91K - $115K a year
c8aa70755f6dde9b	CHS Corporate	Clinical Data Engineer	Franklin, TN 37067	DE	ENTRY_LEVEL	Estimated $84.4K - $107K a year
dd93ef6d1b6ea1c3	TikTok	Data Engineer, Data Platform - USDS	Los Angeles, CA	DE	ENTRY_LEVEL	NA
1657903cd58a6a17	DriveSavers Data Recovery	Data Recovery Engineer - Windows Platform	Novato, CA 94949	DE	ENTRY_LEVEL	NA
e792d0bc06aa5a16	Southwest Research Institute	ENGINEER - RESEARCH ENGINEER - CONTROLS & DATA ACQUISITION	San Antonio, TX 78238	DE	ENTRY_LEVEL	NA
a07139ad37d95544	Cupertino Electric, Inc.	Construction Project Engineer - Data Center	Kansas City, MO	DE	ENTRY_LEVEL	$65,000 - $85,000 a year
1b27e3a61edf7cf5	AG Grace Inc	Data Engineer	Columbia, MD 21044	DE	ENTRY_LEVEL	NA
0d671cf0fddb31b3	Pittsburgh Pirates	Fellow, Software Engineer - Data	Pittsburgh, PA 15212 (North Shore area)	DE	ENTRY_LEVEL	NA
858cec042638f01c	Captivation Software	Software Engineer 1 - Data Analysis	Annapolis Junction, MD 20701	DE	ENTRY_LEVEL	$180,000 - $200,000 a year
7e1d028af5650574	Robinhood	Staff Software Engineer, Market Data	Menlo Park, CA	DE	ENTRY_LEVEL	$169,000 - $199,000 a year
e02d527779b89d81	Grammarly, Inc.	Data Engineer, Data Platform	Hybrid remote in United States	DE	ENTRY_LEVEL	NA
8d924e13f4891c69	Tek Ninjas	Data Engineer	Carrollton, TX 75007	DE	ENTRY_LEVEL	NA
24d9c8bea1db9497	FLASH Technology Group	Software Engineer I (Data Management)	Fort Meade, MD 20755	DE	ENTRY_LEVEL	NA
d34e75ab6e2b6d54	Relativity Space	Data and Control Systems Engineer	Stennis Space Center, MS	DE	ENTRY_LEVEL	$90,000 - $117,000 a year
5fc9ae10d258e11e	TikTok	Tech Lead Software Engineer, TikTok Protected Data Infrastructure	San Jose, CA 95110 (Downtown area)	DE	ENTRY_LEVEL	$224,000 - $410,000 a year
02daf4c317bc567f	TikTok	Tech Lead Software Engineer, TikTok Protected Data Infrastructure	Seattle, WA	DE	ENTRY_LEVEL	$212,800 - $389,500 a year
a6054a6e364aa363	Life.Church	Data Engineer	Edmond, OK 73012	DE	ENTRY_LEVEL	NA
a2a10ba9a2af0c3b	TikTok	Site Reliability Engineer, Data Platform - USDS	Seattle, WA	DE	ENTRY_LEVEL	NA
611ba001cccd00e7	TikTok	Data Engineer, Data Platform - US Tech Services Team	Seattle, WA	DE	ENTRY_LEVEL	$177,688 - $341,734 a year
9bd6f5a7b5e5ca8b	Hospital for Special Surgery	Data Engineer - HSS Orthopedic Data Innovation Lab	Hybrid remote in New York, NY 10021	DE	ENTRY_LEVEL	NA
c2a2dea81b69bbff	Hospital for Special Surgery	ML Ops Engineer - HSS Orthopedic Data Innovation Lab	Hybrid remote in New York, NY 10021	DE	ENTRY_LEVEL	NA
fe27be5c084ee0d7	Clarity Innovations	Data Engineer (Mid) (AD)	Columbia, MD 21046	DE	ENTRY_LEVEL	Estimated $112K - $142K a year
4632ce2176fa1493	Clarity Innovations, LLC	Data Engineer (Mid) (AD)	United States	DE	ENTRY_LEVEL	Estimated $105K - $133K a year
95f1eebf6a857472	Clarity Innovations	Data Engineer (Mid) (AD)	Annapolis Junction, MD	DE	ENTRY_LEVEL	Estimated $112K - $142K a year
cd22084ad26dafe2	Clarity Innovations	Data Engineer (Senior) (AD)	Columbia, MD 21046	DE	ENTRY_LEVEL	Estimated $133K - $169K a year
2b12d76810c95a82	Clarity Innovations	Data Engineer (Senior) (AD)	Annapolis Junction, MD	DE	ENTRY_LEVEL	Estimated $133K - $169K a year
b3c2b25443dcd434	Clarity Innovations, LLC	Data Engineer (Senior) (AD)	United States	DE	ENTRY_LEVEL	Estimated $126K - $160K a year
de2f6c75d66027e4	ADPMN IT SOLUTIONS	Cloud Data Engineer	Remote in Atlanta, GA	DE	ENTRY_LEVEL	NA
8c3beab36bb9a822	Bloomberg	Data Center Operations Engineer	Orangeburg, NY 10962	DE	ENTRY_LEVEL	NA
ee370cc38d8b5bf5	Intone Networks	Full Stack Data Engineer	Remote	DE	ENTRY_LEVEL	NA
ee48d87690b6b18b	MedWatchers	Data Engineer	San Diego, CA	DE	ENTRY_LEVEL	NA
695474f76a424d62	ADPMN IT SOLUTIONS	Azure Data Engineer	Atlanta, GA	DE	ENTRY_LEVEL	NA
b405075d5828200e	ScienceSoft USA Corporation	Data Engineer	Remote in Dallas, TX	DE	ENTRY_LEVEL	NA
53bc61075dcd9181	Farfield Systems	Software Engineer 1 (Data Pipeline)	Linthicum, MD 21090	DE	ENTRY_LEVEL	NA
9e7372b2dfa198b4	Farfield Systems	Software Engineer 1 (Data Management)	Linthicum, MD 21090	DE	ENTRY_LEVEL	NA
1f7d0f7b1d89211d	Agama Solutions	Data DevOps engineer	Remote in United States	DE	ENTRY_LEVEL	NA
11cfb72fcefeec60	Manufacturers Bank	Software Engineer - Data (Remote)	Remote in Charlotte, NC 28202	DE	ENTRY_LEVEL	NA
621cb34fed85988d	ADVANTECS GROUP	BIG DATA ENGINEER	Edison, NJ 08820	DE	ENTRY_LEVEL	NA
55dadfebca251344	Spectrum Communications & Consulting Inc.	Data Engineer	Hybrid remote in Chicago, IL	DE	ENTRY_LEVEL	NA
bc8d03bacdf95670	Garner Health	Data Science Engineer	Hybrid remote in New York, NY	DE	ENTRY_LEVEL	NA
be2b1d9070760b9e	Grindr	Staff Data Engineer	Chicago, IL 60625 (Ravenswood area)	DE	ENTRY_LEVEL	NA
bd6117efff5ffc93	Decision Point Healthcare	Data Pipeline Engineer	Boston, MA 02109 (Downtown area)	DE	ENTRY_LEVEL	NA
9d004b89f280990a	University of Arkansas	Data Engineer	Little Rock, AR	DE	ENTRY_LEVEL	NA
4b268088d6ba6bec	Clarity Innovations, LLC	CyberSecurity Engineer (Data Stewardship)	Florida	DE	ENTRY_LEVEL	NA
f3a92200fdea9bdf	bp	Principal data engineer	Hybrid remote in Houston, TX 77079	DE	ENTRY_LEVEL	NA
9a169ea0859d591f	Applied Intuition	Software Engineer - Synthetic Data & Annotations	Mountain View, CA	DE	ENTRY_LEVEL	NA
666ff5142b50c210	CHS Corporate	Clinical Data Engineer	Franklin, TN 37067	DE	ENTRY_LEVEL	NA
89afd2c798623789	Wise Equation Solutions	Data Engineer	Melissa, TX 75454	DE	ENTRY_LEVEL	NA
77f94d3659cbd40b	Genoa Employment Solutions Inc	Security Engineer III - Data Security	St. Louis, MO 63102 (Near North Riverfront area)	DE	ENTRY_LEVEL	Estimated $95.3K - $121K a year
1c4410358d1165f9	UPMC	Systems Engineer - Associate (Data Protection)	Pittsburgh, PA 15213 (North Oakland area)	DE	ENTRY_LEVEL	$29.93 - $45.44 an hour
81826263478a729b	Tek Ninjas	Data Engineer	Texas	DE	ENTRY_LEVEL	NA
2834c1f79c1414c0	SunSoft Technologies	Data Science Engineer	Farmington Hills, MI 48335	DE	ENTRY_LEVEL	NA
115ead694fe80781	Crackajack Solutions	Data Engineer	Remote	DE	ENTRY_LEVEL	NA
9befc7f94838dcba	Lockheed Martin Corporation	Portal Req - Flight Test Instrumentation and Data Processing Engineer	Fort Worth, TX	DE	ENTRY_LEVEL	Estimated $93.5K - $118K a year
407ea8eca11e9e05	CEDENT	Data Engineer	Durham, NC	DE	ENTRY_LEVEL	NA
b4f0e295972c4dcb	Ampcus Incorporated	Data Engineer - Python	Remote	DE	ENTRY_LEVEL	NA
756a08084ebf5e5d	CIMCON Digital	Data Lake Engineer	Westford, MA 01886	DE	ENTRY_LEVEL	NA
a9c96f82c337ab94	Fuse Engineering LLC	Data Storage Engineer	Laurel, MD	DE	ENTRY_LEVEL	Estimated $82K - $104K a year
93807dabb9f87dd9	Vass	Data Engineer AWS	Remote	DE	ENTRY_LEVEL	NA
185b6a82d1c51e1e	Illumination Works LLC	Data Engineer	Remote in United States	DE	ENTRY_LEVEL	NA
5d61b4e45fcebf8f	Veeva Systems	Data Engineer	Fort Washington, PA	DE	ENTRY_LEVEL	NA
cef2d33f678b6d13	TikTok	Site Reliability Engineer, Data Platform- USDS	New York, NY	DE	ENTRY_LEVEL	NA
6693d2365a754d61	SVS Technologies	Data Engineer	Memphis, TN 38125 (Windyke-Southwind area)	DE	ENTRY_LEVEL	NA
8dd7d36d982529cd	Project Ronin	Staff MLOps Engineer, Data Platform	Remote	DE	ENTRY_LEVEL	NA
c4be757e84b22005	Disruptive Solutions	Data Engineer	Washington, DC	DE	ENTRY_LEVEL	NA
097cac9b94a8b428	Mustang Dynamometer	Software Engineer – Data Acquisition & Machine Control	Twinsburg, OH 44087	DE	ENTRY_LEVEL	Estimated $79.1K - $100K a year
17c374a3fdcb7369	Mustang Dynamometer	Controls Engineer – Data Acquisition & Machine Control	Twinsburg, OH 44087	DE	ENTRY_LEVEL	Estimated $76K - $96.3K a year
34b7d59fb5584646	Berkley	Azure Data Engineer	Atlanta, GA 30346	DE	ENTRY_LEVEL	NA
48f91e9b646f1372	CloudXsparks Technologies	Data Engineer	Lebanon, OH 45036	DE	ENTRY_LEVEL	NA
27191a6b1e32d69a	Ivy Tech Solutions inc	Data Engineer	Remote	DE	ENTRY_LEVEL	NA
112ef2231fe2bd95	TikTok	Data Engineer, Global Payments - USDS	New York, NY	DE	ENTRY_LEVEL	NA
5ae0b0facb7dbc1d	Finzly	Lead Financial Data Engineer	Charlotte, NC	DE	ENTRY_LEVEL	NA
c34ba484efc37e65	Ivy Tech Solutions inc	Data Engineer	Remote	DE	ENTRY_LEVEL	NA
723872c9588bd11a	TikTok	Data Engineer, Product - USDS	Mountain View, CA 94041 (Old Mountain View area)	DE	ENTRY_LEVEL	NA
486cdc04e84fd917	Deutsche Bank	Big Data Engineer-Associate–Vice President	Cary, NC	DE	ENTRY_LEVEL	NA
dfbb6fd0e8d7c384	Ampcus Incorporated	Data Engineer/Data Scientist	Richmond, VA	DE	ENTRY_LEVEL	NA
6c8e2c0cdcf4260c	CEDENT	Data Engineer	United States	DE	ENTRY_LEVEL	NA
7e9668b1c39f687b	TikTok	Data Engineer, E-Commerce	Seattle, WA	DE	ENTRY_LEVEL	NA
d38d69f8c2691d45	Artha Solution	Data Engineer	Scottsdale, AZ 85260 (North Scottsdale area)	DE	ENTRY_LEVEL	NA
03429a11207b0a38	Beinex	Data Engineer	Remote	DE	ENTRY_LEVEL	NA
6823df01d598941b	Unigo	Data Engineer	Irving, TX	DE	ENTRY_LEVEL	NA
21c95a970e81939e	PhasorSoft Group	Data Engineer	Starkville, MS	DE	ENTRY_LEVEL	NA
b0dbd353a7e26318	TikTok	Site Reliability Engineer, Data Platform-TikTok-US-Tech Services	Seattle, WA	DE	ENTRY_LEVEL	$158,080 - $321,632 a year
e6da0d169ee5ce78	Delsys Incorporated	R&D Software Engineer – Sensor Data Analysis	Natick, MA	DE	ENTRY_LEVEL	NA
990257e6edfa4b02	Apgar Consulting	Data Engineer	Austin, TX	DE	ENTRY_LEVEL	NA
d03e41640d889f74	Apgar Consulting	Data Engineer	Austin, TX	DE	ENTRY_LEVEL	NA
28c4299e07ca9711	TikTok	Machine Learning Engineer, Risk Data Mining - USDS	Seattle, WA	DE	ENTRY_LEVEL	$158,080 - $289,469 a year
b393ab904ff7ebaf	Observe, Inc.	Software Engineer: Data Platform	Hybrid remote in San Mateo, CA	DE	ENTRY_LEVEL	NA
1563ee703a494198	Manufacturers Bank	Software Engineer - Data (Remote)	Remote in Scottsdale, AZ 85255	DE	ENTRY_LEVEL	NA
8c3f6b8eef7f128d	TRA'BIAN ENTERPRISES	DATA ENGINEER	Dallas, TX	DE	ENTRY_LEVEL	NA
668f8bc91ba0ea4d	Gazelle Global Consulting	Information Data Analyst/ Data Visualization Engineer	Dan, WV	DE	ENTRY_LEVEL	NA
401404030b71c3a2	TikTok	Data Engineer, Experimentation & Evaluation-TikTok Data Platform	San Jose, CA 95110 (Downtown area)	DE	ENTRY_LEVEL	$136,000 - $280,000 a year
e7a43330fa2bd41d	AICrete Corp.	Computer Vision and Data Engineer	Hybrid remote in San Francisco Bay Area, CA	DE	ENTRY_LEVEL	NA
ff249fdcb50eeeee	Stackable	Big Data Engineer (f/m/d) for our Open Source Data Platform	Remote	DE	ENTRY_LEVEL	NA
c92472a25e3fc18d	Egen Solutions	Python Software Engineer (Data Driven Platforms)	Chicago, IL	DE	ENTRY_LEVEL	NA
88ec6f6a2519dcf1	Ivy Tech Solutions inc	Collibra Data Governance Engineer	Remote	DE	ENTRY_LEVEL	NA
e668ff77a468e4f1	Genpact	Data Engineer	Irving, TX	DE	ENTRY_LEVEL	NA
2d1516e09d6ace1e	Advanced Micro Devices, Inc.	MTS Software Development Engineer - Netlist Data Model	San Jose, CA	DE	ENTRY_LEVEL	Estimated $124K - $158K a year
f3f49affe10a4b40	American Honda Motor Co	Data Integration Engineer	Marysville, OH 43040	DE	ENTRY_LEVEL	NA
1a71dae9eb5d9c70	NucleusTeq	Data Engineer	Remote	DE	ENTRY_LEVEL	NA
7c701e6a44244c0d	Square Peg Technologies	Databricks Data Engineer	Washington, DC 20003 (Capitol Hill area)	DE	ENTRY_LEVEL	NA
852098d15ec8a47b	Canonical	Python Engineer - Data Center Hardware Integration (Greater Boston Area)	Hybrid remote in Boston, MA	DE	ENTRY_LEVEL	Estimated $87.2K - $110K a year
ed2e92cae000fca8	Ivy Tech Solutions inc	Data Engineer	Remote	DE	ENTRY_LEVEL	NA
c65a07a066f2d7de	Ivy Tech Solutions inc	DataStage Data Engineer	Remote	DE	ENTRY_LEVEL	NA
f7020a5b520dc99d	Ivy Tech Solutions inc	DataStage Data Engineer	Remote	DE	ENTRY_LEVEL	NA
f7eacd46c3c79ecb	Applied Intuition	Software Engineer - Data Infrastructure	Mountain View, CA	DE	ENTRY_LEVEL	NA
56a663feaf040c70	sgsco	Business Intelligence Data Engineer 1	Remote	DE	ENTRY_LEVEL	NA
8741729d78c64d9b	RDR, INC.	Cyber Data Science Engineer	Chantilly, VA 20151	DE	ENTRY_LEVEL	Estimated $124K - $157K a year
4a28d275cdd3ee58	TikTok	Data Engineer, Global Payments - USDS	Hybrid remote in Mountain View, CA 94041	DE	ENTRY_LEVEL	$102,400 - $221,760 a year
5824c91ecca447b0	BICP	NextGen Data Engineer	Portland, OR	DE	ENTRY_LEVEL	NA
b8730cd927643c1c	P3 Adaptive	Principal Azure Data Engineer	Remote	DE	ENTRY_LEVEL	NA
578033b50e332e81	TENICA	Data Science Cyber Systems Engineer - TS/SCI CI Poly	Springfield, VA	DE	ENTRY_LEVEL	Estimated $129K - $163K a year
5e43120afd8547ba	TikTok	Data Engineer, E-Commerce	San Jose, CA 95110 (Downtown area)	DE	ENTRY_LEVEL	NA
b6a2b86436012b29	Delegate IT	Big Data Engineer	Perkasie, PA 18944	DE	ENTRY_LEVEL	NA
bab1627b0c78731c	Mississippi Gulf Coast Community College Police...	Data Warehouse Engineer	Mississippi	DE	ENTRY_LEVEL	Estimated $68.7K - $87K a year
139ef3e1adaa6984	Agama Solutions	Data Engineer III	United States	DE	ENTRY_LEVEL	Estimated $100K - $127K a year
56cb6905da174ef3	Dana-Farber Cancer Institute	Research Software Engineer, Data Science	Remote in Boston, MA 02215	DE	ENTRY_LEVEL	NA
85962f31fd69681f	Forward	Software Engineer, Data Science	San Francisco, CA	DE	ENTRY_LEVEL	NA
fe6c3306e1a614e3	Agama Solutions	Data Engineer IV	United States	DE	ENTRY_LEVEL	Estimated $95.1K - $120K a year
6633e756bbffdf51	RADcube	Data Engineer	Cincinnati, OH	DE	ENTRY_LEVEL	NA
4388b5af8220a44a	AI Cyber Solutions	Data Science Engineer	Tampa, FL 33614	DE	ENTRY_LEVEL	NA
40655e0134d085b4	Agama Solutions	Data Engineer	United States	DE	ENTRY_LEVEL	NA
0e94ecccb531e180	Palni	Data Engineer	McKinney, TX 75070	DE	ENTRY_LEVEL	NA
da9d91fdbf43ae96	Softnet Consulting Inc	Data Engineer- Adobe Analytics with Instrumentation	Remote in United States	DE	ENTRY_LEVEL	NA
c777b813253a86df	TikTok	Machine Learning Engineer, Risk Data Mining - USDS	Seattle, WA	DE	ENTRY_LEVEL	$119,700 - $210,672 a year
981a2694679a7281	Rite Pros	Data Engineer 030522	Portland, ME 04101 (Downtown area)	DE	ENTRY_LEVEL	NA
a73abe7982868abb	FlexIT Inc	Big Data Engineer	Beaverton, OR 97005 (Central Beaverton area)	DE	ENTRY_LEVEL	NA
acf404ea9a37155c	Aces Incorporated	Data/Nifi Engineer	Annapolis Junction, MD 20701	DE	ENTRY_LEVEL	Estimated $130K - $165K a year
51cb3cdce4ec7a0c	Artha Solution	Data Engineer	Scottsdale, AZ 85260 (North Scottsdale area)	DE	ENTRY_LEVEL	NA
a9335a3bb68258c7	Artha Solution	Data Engineers	Scottsdale, AZ	DE	ENTRY_LEVEL	NA
ac2183b0074e76d2	FlexIT Inc	Data Engineer	Beaverton, OR 97005 (Central Beaverton area)	DE	ENTRY_LEVEL	NA
50b694c75d46aed7	MAQ Software	Software Data Operations Engineer	Redmond, WA	DE	ENTRY_LEVEL	NA
d03875672dba3744	FlexIT Inc	Data Engineer - Python, Spark?	Beaverton, OR 97005 (Central Beaverton area)	DE	ENTRY_LEVEL	NA
96c37ef583b9711b	Agama Solutions	Azure Administrator / Data Engineer	Remote in Las Vegas, NV	DE	ENTRY_LEVEL	NA
52841e5b7612d0af	Decision Point Healthcare	Junior Data Engineer	Boston, MA 02109 (Downtown area)	DE	ENTRY_LEVEL	NA
23656d005d2c7155	GTS Geotech	Data Engineer / Data Architect	Remote in Houston, TX 77002	DE	ENTRY_LEVEL	NA
542518e65c6544ed	FlexIT Inc	Data Engineer	Portland, OR 97204	DE	ENTRY_LEVEL	NA
413d1d7e2a97783d	FlexIT Inc	Cloud Data Engineer - AWS, Hive, Airflow	Beaverton, OR 97005 (Central Beaverton area)	DE	ENTRY_LEVEL	NA
8fa5aeb50e9db1d3	FlexIT Inc	Data Quality Engineer - Alteryx	Beaverton, OR 97005 (Central Beaverton area)	DE	ENTRY_LEVEL	NA
ee3194bb3186bd01	FlexIT Inc	Lead Data Engineer	Beaverton, OR 97005 (Central Beaverton area)	DE	ENTRY_LEVEL	Estimated $107K - $136K a year
e52da823fe47cde3	TikTok	Data Engineer - Data Platform	San Jose, CA	DE	ENTRY_LEVEL	$145,000 - $355,000 a year
d64593b00a1e6f46	Community Tech Alliance	Data Engineer	Remote	DE	ENTRY_LEVEL	NA
cc23febeed3cc8ee	FlexIT Inc	Data Engineer - Spark, Python, AWS	Beaverton, OR 97005 (Central Beaverton area)	DE	ENTRY_LEVEL	NA
8642b25254fa7d48	Surya Systems	Data Engineer	Remote in San Francisco, CA	DE	ENTRY_LEVEL	NA
43a2dae9e8d2ee97	Surya Systems	Data Engineer	San Francisco, CA	DE	ENTRY_LEVEL	NA
55be0acf56dc8ebd	TikTok	Site Reliability Engineer, Data Platform- USDS	Los Angeles, CA	DE	ENTRY_LEVEL	$129,960 - $341,734 a year
b5cced6b4cece7ad	TapHere! Technology	Data Analyst / Engineer	Fairfax, VA	DE	ENTRY_LEVEL	Estimated $127K - $161K a year
e6932977ab445965	RakirS Systems	Data Analyst/Data Engineer	Henderson, NV 89052 (Westgate area)	DE	ENTRY_LEVEL	NA
0b781bf6391300eb	TikTok	Machine Learning Engineer, Risk Data Mining - USDS	Mountain View, CA 94041 (Old Mountain View area)	DE	ENTRY_LEVEL	$126,000 - $304,704 a year
b3e347f47d9e17f8	Kodeva	Data Engineer	San Jose, CA	DE	ENTRY_LEVEL	NA
1665feb933acfd86	TikTok	Data Engineer, Data Platform - USDS	Mountain View, CA 94041 (Old Mountain View area)	DE	ENTRY_LEVEL	$136,800 - $359,720 a year
63b5ac36549eec49	TikTok	Site Reliability Engineer, Data Platform- USDS	Mountain View, CA 94041 (Old Mountain View area)	DE	ENTRY_LEVEL	$136,800 - $359,720 a year
a16eb61503a7d196	EXL Services	Data Engineer	Hartford, CT	DE	ENTRY_LEVEL	NA
fdf4323f13894d94	EXL Services	Data Engineer	Hartford, CT	DE	ENTRY_LEVEL	NA
66fa55b8ae7bcd4e	uStudio	Product Data Engineer	Austin, TX	DE	ENTRY_LEVEL	NA
f3a88fd03d54958d	CapB InfoteK	AWS Data Engineer Onshore_HartMap - C102534 6.0 Hartford, CT	Hartford, CT	DE	ENTRY_LEVEL	Estimated $109K - $138K a year
1a46dd184f10e127	Ivy Tech Solutions inc	AWS Developer (data Engineer) and Date Governance Manager	Remote	DE	ENTRY_LEVEL	NA
840d0d94452a3e4f	Modak Analytics	Data Engineer	Louisville, KY	DE	ENTRY_LEVEL	NA
51e1456fc8c5a236	Stone Ridge Technology	Data Visualization Software Engineer	Bel Air, MD 21015	DE	ENTRY_LEVEL	NA
eda264590ef4d672	Ivy Tech Solutions inc	IBM CloudPak for Data/Watson Engineer	Remote	DE	ENTRY_LEVEL	NA
2c9c9f17c842cf91	FlexIT Inc	Data Engineer - Commercial Analytics	Beaverton, OR 97005 (Central Beaverton area)	DE	ENTRY_LEVEL	NA
c534685069671fa0	FlexIT Inc	Full Stack Data Engineer	Beaverton, OR 97005 (Central Beaverton area)	DE	ENTRY_LEVEL	NA
eb0aedb8eaa8a0de	FlexIT Inc	Data Science Engineer	Beaverton, OR 97005 (Central Beaverton area)	DE	ENTRY_LEVEL	NA
54413bddd05f0fec	FlexIT Inc	Data Engineer	Beaverton, OR 97005 (Central Beaverton area)	DE	ENTRY_LEVEL	NA
273dd83376f9801f	Sky Consulting Inc	Big Data Engineer	Minneapolis, MN	DE	ENTRY_LEVEL	NA
7ed33d932ab92e43	FlexIT Inc	Data Science Engineer	Beaverton, OR 97005 (Central Beaverton area)	DE	ENTRY_LEVEL	NA
88cc7d1f5293dc3a	DUOPEAK	Data Engineer	Menlo Park, CA	DE	ENTRY_LEVEL	NA
5f2342beaea5caa9	MindPROS	Lead Data Engineer	Baltimore, MD 21244 (Howard Park area)	DE	ENTRY_LEVEL	NA
11563ec216b6e410	Agama Solutions	AWS Data Engineer	San Francisco, CA (Bernal Heights area)	DE	ENTRY_LEVEL	NA
c6c58603666b2758	FlexIT Inc	Data Engineer	Beaverton, OR 97005 (Central Beaverton area)	DE	ENTRY_LEVEL	NA
4c41ba20c2171d31	Data Recovery Labs	Data Recovery Engineer	Willoughby, OH 44094	DE	ENTRY_LEVEL	Estimated $71K - $89.9K a year
7f7b1b36ef674085	CapB InfoteK	Data Engineer with Python	Whippany, NJ	DE	ENTRY_LEVEL	NA
54707f4835fac495	Insygnum	Consultant - Data Engineer	Chicago, IL	DE	ENTRY_LEVEL	NA
bd56de2fc14f2bc1	TGS Management Company	Software and Data Engineer	Irvine, CA 92604	DE	ENTRY_LEVEL	NA
769e533c8e36d203	Colsh Consultants	Data Scientist/machine Learning Engineer	Monmouth Junction, NJ	DE	ENTRY_LEVEL	NA
3ff49794581b1faa	Big Bright International	DATA ENGINEER	Irvine, CA	DE	ENTRY_LEVEL	NA
77be9f94a308d3bb	TGS Management Company	Data Center Engineer - Mechanical Engineer	Irvine, CA 92604	DE	ENTRY_LEVEL	NA
c4e458f3040767c7	Supremus	Big Data Engineer	Philadelphia, PA	DE	ENTRY_LEVEL	NA
aa0f4d942153f178	FacilityConneX	Data Analytic Engineer	Nashua, NH 03062	DE	ENTRY_LEVEL	NA
e51024da9f0de4db	Tasktoday	Data Infrastructure Engineer	Newark, CA	DE	ENTRY_LEVEL	NA
c2d066606e0a58c7	FutureSoft IT	Data Engineer	Sunnyvale, CA 94043	DE	ENTRY_LEVEL	NA
2f5d9c16bb48074c	CareLytix	Big Data Engineer	Remote in United States	DE	ENTRY_LEVEL	NA
