8073996e0fcbfdf3	Latham Pool Products, Inc	Composite Engineer	Zephyrhills, FL 33540	FEA	SENIOR_LEVEL	$88,000 - $98,000 a year
353f1b1f555f1500	Fairbanks Morse Defense	Sr Mechanical Engineer	Cincinnati, OH 45233 (Riverside area)	FEA	SENIOR_LEVEL	Estimated $104K - $132K a year
472edb4c039ddc3e	NAL RESEARCH CORP	Mechanical Engineer	Manassas, VA 20109	FEA	SENIOR_LEVEL	Estimated $77.3K - $97.9K a year
d99c5dce600e2ef3	Curtiss-Wright	Senior Mechanical Design Engineer	Portland, OR	FEA	SENIOR_LEVEL	Estimated $88.7K - $112K a year
f61aef76436d77aa	Zachry Group	Sr Mechanical Engineer - Finite Element Analyst (FEA)	Downers Grove, IL	FEA	SENIOR_LEVEL	$79,305.65 - $100,000.00 a year
ad9f8f5028eb6f04	Apple	Sr. Mechanical Engineer (Equipment Design)	Cupertino, CA	FEA	SENIOR_LEVEL	NA
652fe31b4cfba872	Laborie Medical Technologies Corp	Senior Electrical Engineer	Portsmouth, NH 03801	FEA	SENIOR_LEVEL	Estimated $99.3K - $126K a year
aa548fe8d0866a06	MTI	Sr. Design Engineer	Pleasant Prairie, WI 53158	FEA	SENIOR_LEVEL	Estimated $85.3K - $108K a year
6eeb33a400fe8cff	Animax Designs, Inc.	Senior Mechanical Engineer	Nashville, TN 37207	FEA	SENIOR_LEVEL	Estimated $92.6K - $117K a year
32ee10bfbe3ed893	Sem-Sol	Senior Mechanical Engineer	Albuquerque, NM 87107	FEA	SENIOR_LEVEL	Estimated $106K - $134K a year
c3241a12a3637eea	Johnson & Johnson	Sr Product Development Engineer, Surgery	Danvers, MA	FEA	SENIOR_LEVEL	Estimated $105K - $133K a year
adf6c392ee40bdba	Johnson & Johnson	Sr Product Development Engineer II	Danvers, MA	FEA	SENIOR_LEVEL	Estimated $109K - $138K a year
71ceb09bd60813d4	Johnson & Johnson	Principal Product Development Engineer, ECP	Danvers, MA	FEA	SENIOR_LEVEL	Estimated $133K - $169K a year
c0e802d3063bc832	Johnson & Johnson	Senior Product Development Engineer (ECP)	Danvers, MA	FEA	SENIOR_LEVEL	Estimated $102K - $129K a year
3e25a3402153f68e	Johnson & Johnson	Senior Product Development Engineer II (ECP)	Danvers, MA	FEA	SENIOR_LEVEL	Estimated $101K - $127K a year
b7a73e11b95a4c2a	Johnson & Johnson	Senior Product Development Engineer	Danvers, MA	FEA	SENIOR_LEVEL	Estimated $102K - $129K a year
fb6bbf0afce9bd4b	L3Harris Technologies	Scientist, Mechanical Engrg (Thermal Analyst - Plano)	Plano, TX	FEA	SENIOR_LEVEL	NA
d161bf16d9a091f3	Johnson & Johnson	Senior Mechanical Engineer	Santa Clara, CA	FEA	SENIOR_LEVEL	Estimated $130K - $164K a year
7c4ff3a54855bcae	Johnson & Johnson	Senior Product Development Engineer II (ECP)	Danvers, MA	FEA	SENIOR_LEVEL	Estimated $101K - $128K a year
fd6ca07f24446bce	Toyoda Gosei Texas	Paint Engineer	San Antonio, TX 78264	FEA	SENIOR_LEVEL	Estimated $83.8K - $106K a year
f271fae46a75e944	ProTom International Holding Corp	Principal Mechanical Engineer	Hybrid remote in North Reading, MA 01864	FEA	SENIOR_LEVEL	$130,000 - $195,000 a year
359d4e65796ebdfd	Mill	Senior Product Design Engineer	San Bruno, CA	FEA	SENIOR_LEVEL	$138,000 - $180,000 a year
659c501fa01af0e7	Seakeeper Inc	Senior Mechanical Development Engineer	Hybrid remote in Leesport, PA 19533	FEA	SENIOR_LEVEL	Estimated $93.9K - $119K a year
734960373ae30e1e	Southwest Research Institute	RESEARCH ENGINEER - SR. RESEARCH ENGINEER - Spaceflight Mechanical Systems	San Antonio, TX 78238	FEA	SENIOR_LEVEL	NA
a1cf2f8dae2d8c02	Groe Advisors LLC	Sr Principal Mechanical Engineer	Waltham, MA	FEA	SENIOR_LEVEL	From $160,000 a year
6b383dfc1c5ee34b	Columbia Energy	Structural Engineer - Senior Level	Richland, WA 99354	FEA	SENIOR_LEVEL	$90,000 - $140,000 a year
045ffde8c8a7fb3b	Relativity Space	Senior Mechanical Engineer	Long Beach, CA	FEA	SENIOR_LEVEL	$127,000 - $163,000 a year
b35f1159bcc61f89	Southwest Research Institute	LEAD ENGINEER - SR. RESEARCH ENGINEER - Spaceflight Mechanical Systems	San Antonio, TX 78238	FEA	SENIOR_LEVEL	NA
5ea17fac91de353a	CEDENT	Mechanical Engineer	Wilson, NC	FEA	SENIOR_LEVEL	Estimated $85.4K - $108K a year
6f5d07d2438693d9	Recycletek	Senior Lead Mechanical Engineer (PT)	Remote	FEA	SENIOR_LEVEL	Up to $100,000 a year
e85356e3f468e540	Concurrent Technologies Corporation	Senior Magnetics Scientist	Bethesda, MD	FEA	SENIOR_LEVEL	NA
af52c1020fc63020	CECO Environmental	Sr. Engineer, Mechanical	Wexford, PA 15090	FEA	SENIOR_LEVEL	Estimated $94.2K - $119K a year
4c4aeca4a134e48a	Square Robot	Senior MECHANICAL engineer	Marlborough, MA	FEA	SENIOR_LEVEL	Estimated $106K - $134K a year
35b49853d6b7fd93	Weatherford	Senior Project Engineer/ Downhole	Houston, TX 77041	FEA	SENIOR_LEVEL	Estimated $93K - $118K a year
fb73597e8b7369e8	Weatherford	Senior Project Engineer/ Downhole	Houston, TX 77041	FEA	SENIOR_LEVEL	Estimated $93K - $118K a year
f6c1060674a9d745	CECO Environmental	Sr. Engineer, Mechanical	Dallas, TX 75254 (Far North area)	FEA	SENIOR_LEVEL	Estimated $98.2K - $124K a year
a89ecb0d8b3834fd	Amphenol TCS	Senior Product Development Engineer	Hampton, NH	FEA	SENIOR_LEVEL	Estimated $100K - $127K a year
a0c533b0c54556e1	Amphenol Alden Products	Senior Design Engineer	Hybrid remote in Boston, MA	FEA	SENIOR_LEVEL	$90,000 - $120,000 a year
113455f8eae28885	USNC	Senior Mechanical Engineer	Seattle, WA	FEA	SENIOR_LEVEL	$118,800 - $157,700 a year
ff807a709b7c46b3	DuVall Enterprises, LLC	Senior Structural Engineer	Las Vegas, NV 89118 (Spring Valley area)	FEA	SENIOR_LEVEL	$90,000 - $110,000 a year
6f8a9261fbd0f899	Quest Global	Senior Project Engineer - Aero Engines	Indianapolis, IN 46225	FEA	SENIOR_LEVEL	$70,000 - $80,000 a year
658f7580fea237ba	Astrobotic Technology Inc	Senior Structural Engineer- Landers & Spacecraft	Pittsburgh, PA (Strip District area)	FEA	SENIOR_LEVEL	$100,000 - $140,000 a year
96f19db7437bc16f	Pratt & Whitney	Sr Prin Eng, Structrl Engrg - (Hybrid)	East Hartford, CT 06118	FEA	SENIOR_LEVEL	NA
85bc8254787a6ea5	Point Blank Enterprises, Inc.	Chief Engineer	Tempe, AZ 85282	FEA	SENIOR_LEVEL	$160,000 - $200,000 a year
7b628b2719eca301	Apple	iPad Touch HW - Touch EE Engineer	Cupertino, CA	FEA	SENIOR_LEVEL	NA
79d96c29fa93f98d	Sandvik	Sr. Mechanical Engineer	Hybrid remote in Camarillo, CA 93012	FEA	SENIOR_LEVEL	$110,000 - $152,000 a year
8cb553df75f4e8fa	Red Cat Holdings Inc	Senior Mechanical Engineer	South Salt Lake, UT 84115	FEA	SENIOR_LEVEL	$150,000 a year
1cb1ee8333ee0971	CiDRA Minerals Processing	Senior Research and Development Engineer	Windsor, CT	FEA	SENIOR_LEVEL	$110,000 - $130,000 a year
76c02159051ed562	Commtech	Mechanical Engineer	Parsippany, NJ 07054	FEA	SENIOR_LEVEL	$110,000 - $130,000 a year
d6c7d2b9aa2ce214	BARKO	Senior Design Engineer	Superior, WI 54880	FEA	SENIOR_LEVEL	Estimated $80.5K - $102K a year
b2f342df61bef095	Copeland	Senior Design Engineer	Sidney, OH 45365	FEA	SENIOR_LEVEL	$75,000 - $105,000 a year
6cc875c2bfe2ded9	L3Harris Technologies	Senior Specialist, Mechanical Engineering	Fall River, MA	FEA	SENIOR_LEVEL	Estimated $109K - $138K a year
66ffeda1d4b46ce9	Modern Hydrogen	Senior Mechanical Design Engineer	Bothell, WA 98011	FEA	SENIOR_LEVEL	$110,000 - $170,000 a year
1df010a06fe5fa53	RecruitAERO Corporation	Senior Structures Engineer	Bentonville, AR 72712	FEA	SENIOR_LEVEL	Estimated $87.6K - $111K a year
e3e5dd0bbeac8bc0	Caterpillar (SolarTurbine)	SR PRINCIPAL MECHANICAL ENGINEER	San Diego, CA 92127	FEA	SENIOR_LEVEL	Up to $211,471 a year
43f5fa9a195fc42d	Apple	iPad Touch HW - Touch EE Engineer	Austin, TX	FEA	SENIOR_LEVEL	NA
7edde2e1ee47a9cb	Molex	Senior Mechanical Engineer	Grand Blanc, MI 48439	FEA	SENIOR_LEVEL	Estimated $92.8K - $117K a year
15768cbdb9cb53bd	Forward	Design Engineer (Sr.)	San Francisco, CA	FEA	SENIOR_LEVEL	Estimated $129K - $164K a year
7796a4c2e9d6b438	Steneral Consulting	Package Engineer	Hybrid remote in Skillman, NJ	FEA	SENIOR_LEVEL	Estimated $94.4K - $120K a year
0b6eb455551ffc5e	Amphenol TCS	Senior Development Engineer	Hamden, CT	FEA	SENIOR_LEVEL	Estimated $89.4K - $113K a year
ec4bc15456af1ab7	Concurrent Technologies Corporation	Senior Electrochemistry Scientist	Bethesda, MD	FEA	SENIOR_LEVEL	NA
d50b41b65b9539e6	Talent4health	Mechanical Design Engineer	Rochester Hills, MI	FEA	SENIOR_LEVEL	$92,198.73 - $111,035.02 a year
ea8109d981426e3a	Molex	Senior Analog Electrical Design Engineer - Optical Solutions	Fremont, CA 94536	FEA	SENIOR_LEVEL	$120,000 - $180,000 a year
ece7edf8dacde62a	RECARO Automotive North America, Inc.	Global Chief Engineer	Clinton Township, MI 48036	FEA	SENIOR_LEVEL	Estimated $94.5K - $120K a year
9f53329332804639	Nusano	Senior Mechanical Engineer - Targetry	Salt Lake City, UT 84115	FEA	SENIOR_LEVEL	$120,000 - $140,000 a year
b78d0c72bd784e40	GEI Consultants Inc	Project Manager-Structural/Geotechnical Engineer	Hybrid remote in Denver, CO	FEA	SENIOR_LEVEL	$120,000 - $140,000 a year
9ba6486c17ddee35	Leviton Manufacturing	Senior Mechanical Engineer	Melville, NY 11747	FEA	SENIOR_LEVEL	$105,000 - $125,000 a year
5fbb3d3b7f665553	FuelCell Energy	Senior Mechanical Engineer	Danbury, CT	FEA	SENIOR_LEVEL	Estimated $105K - $132K a year
78b04424a605a9e1	JAKTOOL	Senior Mechanical Engineer	Hybrid remote in Cranbury, NJ	FEA	SENIOR_LEVEL	Estimated $101K - $128K a year
de4e10e841589afc	Stryten Energy	Manager, Mechanical Engineering	Alpharetta, GA 30005	FEA	SENIOR_LEVEL	Estimated $111K - $140K a year
a4d8de8fd22128b1	Holtec International	Senior Structural Engineer/Analyst	Camden, NJ 08104	FEA	SENIOR_LEVEL	Estimated $97.1K - $123K a year
09255f0b1211fb6c	Gradient	Sr Mechanical Design Engineer	San Francisco, CA	FEA	SENIOR_LEVEL	Estimated $126K - $159K a year
a24b69ce8978dd86	Commtech	Senior Mechanical Design Engineer	Livingston, NJ 07039	FEA	SENIOR_LEVEL	$75,000 - $85,000 a year
1edc13d4905e7ed8	Leonardo DRS	Senior Mechanical Engineer	Cypress, CA 90630	FEA	SENIOR_LEVEL	$98,288 - $152,593 a year
29efb2cf3a74ca17	Northrop Grumman	Principal Structural Engineer/Sr Principal Structural Engineer – Analysis Engineering	Clearfield, UT	FEA	SENIOR_LEVEL	$112,000 - $168,000 a year
245b9eac1f2d3e98	BECHT	Applied Mechanics Group Lead	Remote	FEA	SENIOR_LEVEL	Estimated $148K - $187K a year
d3253a118e5a57f7	Lockheed Martin Corporation	Solid Rocket Motor Designer Staff/ Orlando FL	Orlando, FL	FEA	SENIOR_LEVEL	Estimated $86.8K - $110K a year
f3b14b544f19a779	Dexcom	Sr Staff Mechanical Engineer	San Diego, CA (Sorrento Valley area)	FEA	SENIOR_LEVEL	$135,100 - $225,100 a year
662d6965d1c0760b	BD	R&D Staff Engineer II	Hybrid remote in Franklin Lakes, NJ	FEA	SENIOR_LEVEL	Estimated $130K - $164K a year
a6cd264f3cce05b7	John Deere	Senior Engineer, Air Exhaust Gas Recirculation Design	Hybrid remote in Waterloo, IA	FEA	SENIOR_LEVEL	Estimated $93.5K - $118K a year
4982b75d099e9792	Oak Ridge National Laboratory	Senior Materials Analyst - Technical Professional	Oak Ridge, TN 37830	FEA	SENIOR_LEVEL	Estimated $91.5K - $116K a year
851b93a1370ef891	Bristol Bay Industrial	Site Engineer	Prudhoe Bay, AK 99734	FEA	SENIOR_LEVEL	Estimated $85.3K - $108K a year
2f9a9128fe90ef93	Hayward Industries	Mechanical Designer	Phoenix, AZ 85043 (Estrella area)	FEA	SENIOR_LEVEL	Estimated $58.8K - $74.5K a year
cac3a7cf0c7466c1	Lockheed Martin	Solid Rocket Motor Designer Sr Staff/ Orlando FL	Orlando, FL 32819 (Florida Center area)	FEA	SENIOR_LEVEL	NA
f4884d2f139fc95d	Amphenol TCS	Senior Product Development Engineer	Etters, PA	FEA	SENIOR_LEVEL	Estimated $78.3K - $99.2K a year
aaab80f854714cb3	Firefly Aerospace	Senior Manufacturing Engineer - Tooling and Fixture Design	Bertram, TX 78605	FEA	SENIOR_LEVEL	Estimated $99.3K - $126K a year
0dfa00973f248492	Aptyx	Senior Mechanical Engineer	Kent, OH	FEA	SENIOR_LEVEL	$80,000 - $100,000 a year
4a914718965f7f8f	Madworks Inc	Senior Research and Development Engineer	Alpharetta, GA 30004	FEA	SENIOR_LEVEL	$115,000 - $150,000 a year
bcee3d32661db6aa	JBT Corporation	Sr. Vehicle Design Engineer (Mechanical)	Chalfont, PA 18914	FEA	SENIOR_LEVEL	NA
d6b957d7ac744609	American Energy Storage Innovations AESI	Principal Mechanical Engineer	Hudson, MA 01749	FEA	SENIOR_LEVEL	Estimated $135K - $170K a year
31942ced44621537	Wisk Aero	Structures, Interior and Passenger System IPT Lead	Mountain View, CA	FEA	SENIOR_LEVEL	$222,311 - $255,530 a year
96385f2a6613433e	Halkey-Roberts Corporation	Senior R&D Project Engineer	Saint Petersburg, FL 33716	FEA	SENIOR_LEVEL	From $100,000 a year
46ca0c0a652e3b98	Intuitive Surgical	Sr Mechanical Engineer Vision RD	Sunnyvale, CA (East Murphy area)	FEA	SENIOR_LEVEL	$115,000 - $194,600 a year
bf2c33fd083eb677	Lockheed Martin Corporation	Solid Rocket Motor Designer Sr Staff/ Orlando FL	Orlando, FL	FEA	SENIOR_LEVEL	Estimated $86.6K - $110K a year
a2eb812f6e28ddbe	Commercial Vehicle Group	Senior Product Design Engineer	Michigan City, IN 46360	FEA	SENIOR_LEVEL	Estimated $74.1K - $93.8K a year
5fbf8e7724199f45	AR Val services	Composite Structural Engineer	Tampa, FL 33602 (Channel District area)	FEA	SENIOR_LEVEL	$48 an hour
58740867fbce8473	GEM Technologies Inc.	Mechanical Engineer	Pittsburgh, PA	FEA	SENIOR_LEVEL	Estimated $92.2K - $117K a year
ae02e36499b03bc2	Quest Defense Systems & Solutions, Inc.	Sr Mechanical Analysis Engineer- Secret Clearance	Cincinnati, OH	FEA	SENIOR_LEVEL	Estimated $81.9K - $104K a year
cec0b5b57c8a56c9	TAI Engineers LLC	Sr. Marine Engineer	Hybrid remote in Houston, TX 77079	FEA	SENIOR_LEVEL	NA
c5acfb9f0a329355	Lockheed Martin	Solid Rocket Motor Designer Staff/ Orlando FL	Orlando, FL 32819 (Florida Center area)	FEA	SENIOR_LEVEL	NA
f4bea078d93b6c47	Q Bio	Senior Mechanical Engineer, Superconducting Magnet	San Carlos, CA	FEA	SENIOR_LEVEL	$160,000 - $180,000 a year
fb9388e868a52145	Merz North America	Principal Mechanical Engineer	Raleigh, NC 27615 (North Raleigh area)	FEA	SENIOR_LEVEL	Estimated $115K - $145K a year
ce906a500083ae84	RCM Engineering	Lead / Principal Mechanical Engineer	Buffalo, NY 14202 (Waterfront area)	FEA	SENIOR_LEVEL	$80,000 - $120,000 a year
bf5b35c77392724e	Nusano	Senior Mechanical Engineer	Salt Lake City, UT 84115	FEA	SENIOR_LEVEL	$120,000 - $150,000 a year
97d3d88f100713fe	Jerry Pittman & Associates Inc	Senior Naval Architect	Mobile, AL	FEA	SENIOR_LEVEL	Up to $51.50 an hour
06a3b70b5cda7726	MTI	Principal Design Engineer	United States	FEA	SENIOR_LEVEL	Estimated $115K - $146K a year
833a4199331a3610	Weatherford	Principal Engineer/ Downhole	Houston, TX 77041	FEA	SENIOR_LEVEL	Estimated $99.5K - $126K a year
3a362faaa3f53a4a	Amphenol TCS	Senior Product Development Engineer	Nashua, NH	FEA	SENIOR_LEVEL	Estimated $102K - $130K a year
c1e69b09d4ea2ee7	DEKA Research & Development	Senior Mechanical Engineer	Manchester, NH 03101	FEA	SENIOR_LEVEL	Estimated $98.8K - $125K a year
254d0ca6d0cb812b	Jacobs	Senior Lead Structural Engineer	Oak Ridge, TN 37831	FEA	SENIOR_LEVEL	Estimated $121K - $153K a year
fc1a7a9f11079d0a	Commonwealth Fusion Systems	Senior Electrical Engineer - Pulsed Power Conversion	Hybrid remote in Devens, MA 01434	FEA	SENIOR_LEVEL	Estimated $127K - $161K a year
eb0956e4604b4894	Alamo Group	Mechanical Engineer (Senior)	New Berlin, WI 53151	FEA	SENIOR_LEVEL	Estimated $84.7K - $107K a year
c25c09c89ceed716	FEA Consulting Engineers	Mechanical (HVAC/Plumbing) Engineer/Project Manager - PE	Henderson, NV 89052 (Westgate area)	FEA	SENIOR_LEVEL	From $75,000 a year
71f0a0d5003a29eb	Intelecox-inc	Lead, Mechanical Engineer (Thermal Analyst)	Fort Wayne, IN 46805 (North Anthony area)	FEA	SENIOR_LEVEL	$100,000 - $185,500 a year
907c02cd717eb284	The Boring Company	Senior Mechanical Engineer	Bastrop, TX 78602	FEA	SENIOR_LEVEL	Estimated $99.6K - $126K a year
3f4e42b0a6c90c32	BARKO	Senior Design Engineer (Attachments)	Superior, WI 54880	FEA	SENIOR_LEVEL	Estimated $87.6K - $111K a year
90d558b90af3e9a3	Wisk Aero	Structures, Interior and Passenger System IPT Lead	Mesa, AZ	FEA	SENIOR_LEVEL	$188,964 - $217,201 a year
58d34262f13305d2	Astrobotic Technology Inc	Mechanical Engineer (II/III/Senior) - Propulsion & Test	Mojave, CA	FEA	SENIOR_LEVEL	$85,000 - $140,000 a year
985f96b1fa11ab6f	Merz North America	Sr Mechanical Engineer	Raleigh, NC 27615 (North Raleigh area)	FEA	SENIOR_LEVEL	Estimated $96.8K - $123K a year
5660301df386e4ab	Halliburton	Mechanical Engineer (Senior - Advisor)	Houston, TX 77032 (IAH - Airport area)	FEA	SENIOR_LEVEL	Estimated $95.4K - $121K a year
0852a3b69d26af0d	Molex	Principal Mechanical Engineer	Conway, AR 72032	FEA	SENIOR_LEVEL	Estimated $139K - $176K a year
793f3800372637b7	Tata Technologies Europe	Senior Electrification Engineer Consultant	Auburn Hills, MI	FEA	SENIOR_LEVEL	Estimated $104K - $131K a year
d9d0c3a4aa0c2099	Tata Technologies	Senior Electrification Engineer Consultant	Auburn Hills, MI	FEA	SENIOR_LEVEL	Estimated $104K - $131K a year
a20858b45e49eb7f	Solar Boy!	Mechanical Engineer	Des Moines, IA 50309 (East Village area)	FEA	SENIOR_LEVEL	$93,000 - $140,000 a year
379dec5a52d5dfd6	Raytheon	Senior Principal Structural Analyst	McKinney, TX 75071	FEA	SENIOR_LEVEL	NA
0d8c9516ac4d7585	Owens Corning	Senior Modeling and Simulation Engineer	Granville, OH 43023	FEA	SENIOR_LEVEL	NA
e3fe1e17e7417ed4	Lear Corporation	Senior Engineer	Southfield, MI 48033	FEA	SENIOR_LEVEL	Estimated $88K - $111K a year
f67285df9b6cc5f7	Apple	Senior Mechanical Engineer ( Equipment Design)	Cupertino, CA	FEA	SENIOR_LEVEL	NA
3ebbda8e27871752	Voith Group	Senior Engineer Balance of Plant (mechanical)	Hybrid remote in York, PA 17408	FEA	SENIOR_LEVEL	$100,000 - $130,000 a year
6751b9e55da011ec	Bechtel	Senior Equipment Stress Engineer	Hybrid remote in Richland, WA	FEA	SENIOR_LEVEL	$105,060 - $182,670 a year
e0c1aa3112378d0b	Advance Services, Inc.	Project Engineer	Galesburg, IL 61401	FEA	SENIOR_LEVEL	$17 an hour
e146e079804a5814	EAGLE TECHNOLOGIES	Lead Mechanical Engineer	Bridgman, MI	FEA	SENIOR_LEVEL	Estimated $93.9K - $119K a year
575650680a933b70	Riverhawk	Senior Mechanical Engineer	New Hartford, NY 13413	FEA	SENIOR_LEVEL	$80,000 - $100,000 a year
d9971050ccb07d3a	TARGAN Inc	Sr. Director of Engineering, Commercialization Engineering	Morrisville, NC 27560	FEA	SENIOR_LEVEL	Estimated $103K - $130K a year
bb8e0c5c9ada2ff8	Apple	Senior Optical Integration Engineer	Cupertino, CA	FEA	SENIOR_LEVEL	NA
6cb00a2af3429ade	Design Hire, LLC	Sr. Mechanical Engineer	Butte, MT	FEA	SENIOR_LEVEL	$80,000 - $120,000 a year
a66448f0421be3db	Honda Aircraft Company	Senior Stress Engineer	Greensboro, NC 27410	FEA	SENIOR_LEVEL	Estimated $102K - $129K a year
4a9da540dd69fad1	Hussey Seating Company	Sr. Applications Engineer	North Berwick, ME 03906	FEA	SENIOR_LEVEL	Estimated $87.1K - $110K a year
5ef54ab545209f28	Advanced Cooling Technologies, Inc.	Senior Engineer Product Development	Lancaster, PA 17601 (East Side area)	FEA	SENIOR_LEVEL	Estimated $91.5K - $116K a year
fbdd42f5c704c038	Avanos	Sr. R&D Engineer (5484)	Alpharetta, GA	FEA	SENIOR_LEVEL	Estimated $101K - $128K a year
fe2c9bc06dc26c89	Oceaneering	Staff Structural Engineer	Hanover, MD	FEA	SENIOR_LEVEL	Estimated $138K - $174K a year
75e595ac968c77a8	Axcelis Technologies Inc.	Senior Mechanical Engineer	Beverly, MA 01915	FEA	SENIOR_LEVEL	Estimated $101K - $128K a year
bc7e55d2c841e8d1	Mertz Manufacturing, Inc.	Senior Mechanical Engineer	Ponca City, OK 74601	FEA	SENIOR_LEVEL	Estimated $91.4K - $116K a year
d4f6b041167209e5	MiTek Inc.	Senior Mechanical Engineer | Machinery Design (	Saint Charles, MO 63301	FEA	SENIOR_LEVEL	NA
3fd258a17b2e2502	Tetra Tech	Senior Structural Engineer	Pittsburgh, PA	FEA	SENIOR_LEVEL	Estimated $108K - $137K a year
57efead4c210c3ca	JDCONOR	Sr. Project Engineer	Syracuse, NY	FEA	SENIOR_LEVEL	$95,000 - $120,000 a year
431e83d57fdf63e0	Teradyne	Senior Mechanical Engineer	Agoura Hills, CA (West Office District area)	FEA	SENIOR_LEVEL	Estimated $124K - $157K a year
0befc59dbebdff3e	S&S Worldwide Inc.	Sr. Mechanical Engineer	Logan, UT 84341	FEA	SENIOR_LEVEL	Estimated $90.4K - $114K a year
a1c230bc1354c07e	Triumph Group	Senior Design Engineer, Aerospace Hydraulics	Redmond, WA 98053	FEA	SENIOR_LEVEL	$127,400 - $191,000 a year
18e1cd875502a51a	Commonwealth Fusion Systems	Senior Electrical Engineer - Motor Generator System	Hybrid remote in Devens, MA 01434	FEA	SENIOR_LEVEL	Estimated $131K - $166K a year
8c6fe29ae1a64b22	Astra	Senior Mechanical Engineer, Ground Systems Structures	Alameda, CA 94501 (Alameda Point area)	FEA	SENIOR_LEVEL	$120,000 - $165,000 a year
708eb2faccd6a648	Molex	Senior Mechanical Engineer - Optical Solutions	Fremont, CA 94536	FEA	SENIOR_LEVEL	$120,000 - $170,000 a year
0c98ed2d8fa6a08c	Commercial Metals Company	Structural Engineer - Relocation Assistance is offered	Suwanee, GA 30024	FEA	SENIOR_LEVEL	$90,000 - $110,000 a year
e96ed543e823f767	Wellbore Integrity Solutions LLC	Senior Mechanical Engineer	Houston, TX 77073	FEA	SENIOR_LEVEL	Estimated $108K - $137K a year
3aca163e579a2403	Triumph Group	Structural/FEA Engineer	West Hartford, CT 06110	FEA	SENIOR_LEVEL	NA
ee4ed19e5fc805e7	Capgemini	Lead Mechanical & Physical Engineer - Metafunction leader BCI	Auburn Hills, MI	FEA	SENIOR_LEVEL	Estimated $119K - $150K a year
24b1b901fef9bc58	Sanmina Corporation	Mechanical Design Engineer	Huntsville, AL 35803	FEA	SENIOR_LEVEL	Estimated $80K - $101K a year
1976c66a60106550	EchoStar	Sr Mechanical Design Engineer - Aviation	Germantown, MD	FEA	SENIOR_LEVEL	NA
ea95d5bac077ad9a	Trojan Battery	Sr. Mechanical Design Engineer	Horsham, PA	FEA	SENIOR_LEVEL	Estimated $102K - $130K a year
f8bd1909e09bd164	Talent Search PRO	Lead, Mechanical Engineer with Thermal Vacuum Testing/SW Exp	Fort Wayne, IN	FEA	SENIOR_LEVEL	Estimated $113K - $143K a year
2ac305504d3a3602	Health Talent Pro	Lead, Mechanical Engineer (Fort Wayne - Thermal) with Active Secret Clearance	Fort Wayne, IN	FEA	SENIOR_LEVEL	Estimated $86.3K - $109K a year
83ed5e08a1a3d5e9	Birdon America, Inc.	Naval Architect - Senior	Elmwood, LA 70123	FEA	SENIOR_LEVEL	$121,232 - $147,270 a year
86523dd667626fb1	Overhead Door Corporation	Senior Mechanical Engineer	Dallas, TX (West Dallas area)	FEA	SENIOR_LEVEL	Estimated $95.3K - $121K a year
962ed768cd6701be	Axiom Space	Senior Staff Mechanical Engineer	Webster, TX 77598	FEA	SENIOR_LEVEL	Estimated $136K - $172K a year
a21efc5ca9fb06e5	Molex	Principal Mechanical Engineer	Lisle, IL 60532	FEA	SENIOR_LEVEL	Estimated $137K - $173K a year
864374c26eace8f0	Tesla	Sr. Materials Engineer, Solar	Fremont, CA	FEA	SENIOR_LEVEL	Estimated $119K - $151K a year
23f6683c7ae1f217	Techtronic Industries Power Equipment	Process Simulation Engineering Manager, Outdoor Product Group	Anderson, SC 29621	FEA	SENIOR_LEVEL	Estimated $98.6K - $125K a year
b3232deae0245955	Honeywell	Lead Computational Scientist	Des Plaines, IL 60016	FEA	SENIOR_LEVEL	NA
761f1c63ff2927f3	BOEING	Structural Analysis Engineer (Mid-Level, Senior, Lead)	Long Beach, CA	FEA	SENIOR_LEVEL	Estimated $130K - $165K a year
5d0dd14ed04f9718	Advanced Cooling Technologies, Inc.	Lead Engineer	York, PA 17406	FEA	SENIOR_LEVEL	Estimated $110K - $139K a year
f17ace133d14dd78	Gulfstream Aerospace Corporation	Stress Analyst Engineer Technical Specialist III - Appleton, WI	Appleton, WI	FEA	SENIOR_LEVEL	Estimated $123K - $156K a year
525ef857f1d3a492	Mainspring Energy, Inc.	Mechanical Design Engineer (Senior to Staff) – Generator Hardware	Menlo Park, CA 94025	FEA	SENIOR_LEVEL	$105,000 - $185,000 a year
945fe0cc96e10c1d	Avanos	Sr. R&D Engineer	Idaho	FEA	SENIOR_LEVEL	Estimated $104K - $132K a year
abcd66ab601de2d7	Tekskills	Catia V5 Design Engineer	Red Oak, TX 75154	FEA	SENIOR_LEVEL	Estimated $92.1K - $117K a year
47421b7bc08235a6	L3Harris Technologies	Lead, Thermal Engineer	Fort Wayne, IN 46818	FEA	SENIOR_LEVEL	Estimated $113K - $144K a year
bfac6ab4cfbbc678	OmniOn Power	DC/DC Senior Power Electronics Engineer – Hardware Design (Low Voltage)	Plano, TX 75074	FEA	SENIOR_LEVEL	Estimated $106K - $135K a year
60fb8ff09eab1d8b	Energizer	Senior Product Development Engineer	Vandalia, OH 45377	FEA	SENIOR_LEVEL	Estimated $87.1K - $110K a year
59743fe05b064132	L3Harris Technologies	Lead Mechanical Engineer ( Thermal)	Salt Lake City, UT	FEA	SENIOR_LEVEL	Estimated $131K - $166K a year
66d7049cb8ce0b4e	Aigen	Senior Mechanical Engineer	Kirkland, WA	FEA	SENIOR_LEVEL	$120,000 - $140,000 a year
ed97913d7af3c603	Air Products	Rotoflow – Senior Principal Mechanical Design Engineer	Bethlehem, PA	FEA	SENIOR_LEVEL	Estimated $145K - $184K a year
392bcc65015262ff	GIW INDUSTRIES, INC.	Senior Engineer Team Leader I	Grovetown, GA 30813	FEA	SENIOR_LEVEL	Estimated $82.7K - $105K a year
cf2655dcc6d6ea4b	Sanden International (U.S.A.), Inc.	Sr Mechanical Engineer	Plymouth, MI 48170	FEA	SENIOR_LEVEL	Estimated $99.1K - $125K a year
2f3b824b0e635a4e	L3Harris Technologies	Senior Specialist, Mechanical Engineer	San Diego, CA	FEA	SENIOR_LEVEL	Estimated $120K - $152K a year
3575cecd838664a0	Roush	Senior Defense Mechanical Engineer	Troy, MI 48083	FEA	SENIOR_LEVEL	NA
486fe8ff368157fc	Jacobs	Senior Machine Design Engineer	Bingham Farms, MI 48025	FEA	SENIOR_LEVEL	Estimated $114K - $145K a year
577614fbac226d23	Northrop Grumman	Sr. Principal Mechanical Systems Engineer - Top Secret	Annapolis, MD 21409	FEA	SENIOR_LEVEL	$123,800 - $185,800 a year
ab3e81526f41f497	Madworks Inc	Senior R&D Engineer	Alpharetta, GA 30004	FEA	SENIOR_LEVEL	$115,000 - $150,000 a year
e485c6c49d510e8f	L3Harris Technologies	Senior Specialist, Thermal Engineer (Active Secret Required)	Fort Wayne, IN 46818	FEA	SENIOR_LEVEL	Estimated $100K - $127K a year
a848170e5195e713	Tekskills	Senior Design Engineer	Red Oak, TX 75154	FEA	SENIOR_LEVEL	Estimated $109K - $138K a year
a727e455dd0cda2a	Sanden International (U.S.A.), Inc.	Sr Mechanical Engineer	Wylie, TX 75098	FEA	SENIOR_LEVEL	Estimated $104K - $132K a year
c1c04276852dfffa	Pratt & Whitney	Hot Section Engineering Sr Structures Eng (Onsite)	East Hartford, CT 06118	FEA	SENIOR_LEVEL	NA
409f87c6c86a3b4f	Voyager Space Holdings	Mechanical Engineer, Valley Tech Systems	Folsom, CA 95630	FEA	SENIOR_LEVEL	$132,000 - $257,600 a year
7cf68f366ad88d5c	Mach Industries	Senior Mechanical Engineer	Austin, TX	FEA	SENIOR_LEVEL	$120,000 - $180,000 a year
419c0fc0629b8e06	Leidos	Senior Mechanical Engineer	Albuquerque, NM 87106 (University Hts area)	FEA	SENIOR_LEVEL	$118,300 - $213,850 a year
72e6081e32cd6c95	Valley Tech Systems, Inc	Senior Mechanical Engineer (Aerospace)	Reno, NV 89502 (East Reno area)	FEA	SENIOR_LEVEL	Estimated $137K - $173K a year
327023e34e8478b1	Sierra Space	Sr. Mechanical Engineer (Spacecraft Structures)	Louisville, CO	FEA	SENIOR_LEVEL	$120,552.10 - $180,828.16 a year
88e812ab4d7466b6	Raytheon Research Center	Senior Engineer - Thermodynamic Systems	East Hartford, CT 06118	FEA	SENIOR_LEVEL	NA
2b3ba66ece542a32	Vermeer Corporation	Senior Engineer - Simulation and Analysis	Hybrid remote in Pella, IA	FEA	SENIOR_LEVEL	Estimated $93.6K - $118K a year
ab7404b0a400dc92	HermanMiller	Product Innovation Sr. Engineer	Holland, MI 49423	FEA	SENIOR_LEVEL	Estimated $84.8K - $107K a year
6b1b5647023a9096	Air Products	Piping Stress Engineer	Allentown, PA	FEA	SENIOR_LEVEL	Estimated $80.2K - $102K a year
930d87e71fa4205a	Wilwood Engineering	Senior Mechanical Engineer	Camarillo, CA 93012	FEA	SENIOR_LEVEL	$75,000 - $125,000 a year
41116f909119a2d3	CIRCOR	Senior Project Engineer (Motors)	Corona, CA	FEA	SENIOR_LEVEL	$108,000 - $136,000 a year
4cbfcf7f1b788510	MS Technology, Inc.	Sr. Structural Engineer	Oak Ridge, TN 37830	FEA	SENIOR_LEVEL	Estimated $96.3K - $122K a year
659996659f37d475	Marotta Controls, Inc.	Staff Engineer, Mechanical (PAS)	Parsippany, NJ 07054	FEA	SENIOR_LEVEL	Estimated $109K - $138K a year
8419892dd0980a21	SAFE, A Point Blank Company	Chief Engineer	Tempe, AZ 85282	FEA	SENIOR_LEVEL	Estimated $109K - $138K a year
953c6b90dc561264	Vecarius	Experienced Mechanical Engineer	Boston, MA	FEA	SENIOR_LEVEL	Estimated $110K - $139K a year
ca4d9cd5a83601e3	Valley Tech Systems, Inc	Senior Mechanical Engineer (Aerospace)	Folsom, CA 95630	FEA	SENIOR_LEVEL	$132,000 - $257,600 a year
cb5be7a032633ce6	Southwest Research Institute	LEAD ENGINEER - SR. RESEARCH ENGINEER - Project Engineer/Fabrication	San Antonio, TX 78238	FEA	SENIOR_LEVEL	NA
205d3d7457bfacc9	EnergySolutions	Senior Civil/Structural Engineer	Harrisburg, PA	FEA	SENIOR_LEVEL	Estimated $101K - $128K a year
1c3162913344f3fc	IMRIS	Sr. Mechanical Engineer	Hybrid remote in Chaska, MN 55318	FEA	SENIOR_LEVEL	Estimated $103K - $130K a year
0ff9931ea3f7cc7a	Southwest Research Institute	LEAD ENGINEER - SR. RESEARCH ENGINEER - Subsea Stress & Fatigue Analysis	San Antonio, TX 78238	FEA	SENIOR_LEVEL	NA
2263eec60f229bae	Regal Rexnord	Design Engineer III	Milwaukee, WI	FEA	SENIOR_LEVEL	NA
62a6d208120d2322	Birdon America, Inc.	Mechanical Engineer Senior	Elmwood, LA 70123	FEA	SENIOR_LEVEL	$118,850 - $130,000 a year
43cb06e81808920d	CHA Consulting, Inc.	Senior Structural Bridge Engineer	Hybrid remote in Hartford, CT	FEA	SENIOR_LEVEL	Estimated $86.2K - $109K a year
be9ae8e227498de4	Honeywell	Computational Chemist - Sr Advanced R&D Engineer / Scientist	Des Plaines, IL 60016	FEA	SENIOR_LEVEL	NA
9074baf97e6c2495	BARKO	Senior Design Engineer	Superior, WI 54880	FEA	SENIOR_LEVEL	Estimated $87.6K - $111K a year
ddca9b3aa18db2b4	Loop Genomics	Staff Optomechanical Engineer	San Diego, CA	FEA	SENIOR_LEVEL	$125,800 - $165,267 a year
e4613bf206b02784	USNC	Principal Aerospace Engineer	Remote	FEA	SENIOR_LEVEL	$132,000 - $176,000 a year
e6ac7854f93e2b60	Element Biosciences	Staff Optomechanical Engineer	San Diego, CA	FEA	SENIOR_LEVEL	$125,800 - $165,267 a year
7957a97134e770e2	Inteva Products, LLC	Sr. Product Engineer Door Systems	Troy, MI 48084	FEA	SENIOR_LEVEL	Estimated $87.4K - $111K a year
85d5e641e39ea2d3	Hexagon Purus ASA	Principal Engineer	Westminster, CO	FEA	SENIOR_LEVEL	Estimated $123K - $155K a year
9311d13c74fb32ac	Firefly Aerospace	Propulsion Chief Engineer	Cedar Park, TX 78613	FEA	SENIOR_LEVEL	Estimated $133K - $168K a year
06d96e8475644057	Greene Tweed	Plastics Design and Development Research Engineer	Kulpsville, PA	FEA	SENIOR_LEVEL	NA
86fa7ae9399dec1a	GILLIG	Senior Stress Analyst Engineer	Livermore, CA 94551	FEA	SENIOR_LEVEL	$75,000 - $275,000 a year
cd309fad3f27c2c7	Prefix Corporation	Sr. Engineer	Rochester Hills, MI 48307	FEA	SENIOR_LEVEL	Estimated $91.8K - $116K a year
03277150dce2b6e1	Verus Research	Senior Mechanical Engineer	Albuquerque, NM 87110 (Uptown area)	FEA	SENIOR_LEVEL	$140,000 - $180,000 a year
a2024592cdcb23c2	Boeing	Structural Analysis Engineer 4 (contract)	Houston, TX 77058 (Pasadena area)	FEA	SENIOR_LEVEL	Estimated $121K - $154K a year
648b8d672d968afc	Pratt Miller	Senior Design Engineer	Hybrid remote in New Hudson, MI	FEA	SENIOR_LEVEL	Estimated $104K - $131K a year
b83b6f1d70fbf4a3	CACI	Senior Mechanical Engineer	Florham Park, NJ 07932	FEA	SENIOR_LEVEL	NA
09c643b1bbc6036a	WET Design	Sr. Mechanical Engineer – Chassis and Suspension	Burbank, CA	FEA	SENIOR_LEVEL	Estimated $114K - $144K a year
03929b6b54ddfe87	Flowserve Corporation	Senior Product Engineer	Cookeville, TN 38502	FEA	SENIOR_LEVEL	Estimated $110K - $139K a year
428675bd1c486abf	Archer	Senior Mechanical Engineer, Battery	San Jose, CA	FEA	SENIOR_LEVEL	$134,000 - $168,000 a year
ba00c0b1b451499c	Albers Aerospace	Senior Mechanical Engineer	McKinney, TX 75069	FEA	SENIOR_LEVEL	$90,000 - $135,000 a year
ca8d14e275f88f5f	Altair Engineering	Senior Solutions Engineer – GTT Structures	Troy, MI 48083	FEA	SENIOR_LEVEL	Estimated $95.1K - $120K a year
80e3a40cf4f60a84	Altair Engineering	Senior Solutions Engineer – GTT Structures	Troy, MI 48083	FEA	SENIOR_LEVEL	Estimated $95.1K - $120K a year
b08fe2d8cc36acb5	Austal USA	Mechanical Engineering Lead	Mobile, AL (North Industrial Area area)	FEA	SENIOR_LEVEL	Estimated $96.2K - $122K a year
da3e1ca116928b1a	Pratt & Whitney	Senior Manager - Military Composites (Hybrid)	Middletown, CT	FEA	SENIOR_LEVEL	NA
ec803491aee682d3	Raytheon	Senior Principal Mechanical Engineer	Springfield, VA 22150	FEA	SENIOR_LEVEL	NA
678da18f744d3d6c	Atec, Inc.	Senior Mechanical Engineer	Stafford, TX	FEA	SENIOR_LEVEL	Estimated $111K - $140K a year
a7ac330e12f9b81c	Tesla	Sr. CAE Analysis Engineer, MultiPhysics, Semi	Fremont, CA	FEA	SENIOR_LEVEL	Estimated $115K - $146K a year
b6790f4cd610eff4	Magna International Inc.	Senior CAD / FEA Engineer	Troy, MI 48083	FEA	SENIOR_LEVEL	Estimated $92.5K - $117K a year
025d8e5e88fd4260	Subsea 7	Principal Engineer	Houston, TX 77041 (Spring Branch area)	FEA	SENIOR_LEVEL	Estimated $105K - $134K a year
215221b4ccaba63c	VoidForm Products	Vice President of Engineering	Fort Worth, TX 76119 (Carver Heights East area)	FEA	SENIOR_LEVEL	From $175,000 a year
0f5ac547b8ee0a43	Joby Aviation	Senior Tool Design Engineer	Marina, CA 93933	FEA	SENIOR_LEVEL	$89,800 - $150,400 a year
7d5b89748b57e47a	Pratt & Whitney	Hot Section Structures Senior Principal Engineer	East Hartford, CT 06118	FEA	SENIOR_LEVEL	NA
788c592d4363628b	Astra	Senior Structural Analyst	Sunnyvale, CA	FEA	SENIOR_LEVEL	$142,000 - $185,000 a year
0bc7e3d84fe88616	Midrex Technologies Inc	Senior Mechanical Engineer	Charlotte, NC 28208 (Eagle Lake area)	FEA	SENIOR_LEVEL	Estimated $98.9K - $125K a year
7cc46429925f95fc	Generac Power Systems	Senior Staff Engineer-High Voltage Battery	Waukesha, WI 53188	FEA	SENIOR_LEVEL	Estimated $108K - $136K a year
20bfeb95d0d21f2e	Collins Aerospace	Sr Certification Engineer - Onsite	Medley, FL	FEA	SENIOR_LEVEL	NA
86b5f2706e135edb	Particle Measuring Systems	Senior Mechanical Engineer	Boulder, CO 80301	FEA	SENIOR_LEVEL	$110,000 a year
337e3f36865721f1	Rotex	Sr. Mechanical Design Engineer	Cincinnati, OH	FEA	SENIOR_LEVEL	Estimated $84.7K - $107K a year
292edf9ea1274102	HII	ENGINEER STRUCTURAL 4	Newport News, VA	FEA	SENIOR_LEVEL	Estimated $120K - $152K a year
9a1334d7d97e7899	Techspace Solutions	Senior Design Engineer	Red Oak, TX 75154	FEA	SENIOR_LEVEL	Estimated $106K - $134K a year
ea36fde7dd9243b8	HII	ENGINEER STRUCTURAL 4	Newport News, VA	FEA	SENIOR_LEVEL	NA
a058c7c64adfc002	Fermilab	Sr. Mechanical Thermal Fluids Engineer	Batavia, IL 60510	FEA	SENIOR_LEVEL	Estimated $102K - $130K a year
3da4de8cae298f18	TAI Engineers LLC	Sr. Marine Engineer	Hybrid remote in New Orleans, LA 70122	FEA	SENIOR_LEVEL	NA
ce00c8bede9e4376	Northrop Grumman	Staff Mechanical Engineer	Melbourne, FL	FEA	SENIOR_LEVEL	$126,100 - $189,100 a year
506884713f298d1c	Mitsubishi Logisnext Americas Inc	Senior Design Engineer, Mechanical	Marengo, IL 60152	FEA	SENIOR_LEVEL	Estimated $104K - $131K a year
ba4f2a1c0a4c3275	Monolithic Power Systems	Sr. Power Module Design Engineer	San Jose, CA 95119 (Santa Teresa area)	FEA	SENIOR_LEVEL	Estimated $149K - $188K a year
cbb17d5a78c185e7	Sonoco	Senior Project Engineer	Montgomeryville, PA 18936	FEA	SENIOR_LEVEL	NA
7d2be54db9f52bf7	Tonal	Senior Mechanical Engineer HYBRID — FULL-TIMESAN FRANCISCO, CA	San Francisco, CA	FEA	SENIOR_LEVEL	$156,000 - $169,000 a year
722ab22c2304e175	Simu Tech Group	Senior Staff Engineer - Location: Flexible	Remote in United States	FEA	SENIOR_LEVEL	$80,000 - $130,000 a year
5507164b9758f264	Northrop Grumman	Chief Test Facility Engineer	Sunnyvale, CA 94086 (West Murphy area)	FEA	SENIOR_LEVEL	$161,000 - $241,400 a year
325170d9e1f42ef3	Worthington Industries	Sr Project Engineer - ASME	West Warwick, RI 02818	FEA	SENIOR_LEVEL	Estimated $90.6K - $115K a year
0577344397da31c7	Northrop Grumman	Senior Principal Mechanical Engineer TS/SCI	East Hartford, CT	FEA	SENIOR_LEVEL	$117,700 - $176,500 a year
2ec63828ec08028e	Copeland	Senior Design Engineer	Sidney, OH	FEA	SENIOR_LEVEL	Estimated $102K - $129K a year
e0a2bcc420c90b1e	Lovesac Company	Sr. Product Engineer	United States	FEA	SENIOR_LEVEL	$95,000 - $130,000 a year
3858143bc9e0bf73	Northrop Grumman	Sr Principal Engineer Propulsion	Elkton, MD 21921	FEA	SENIOR_LEVEL	$123,800 - $185,800 a year
0a1b8aab4fe5d2f9	RFA Engineering	Senior Mechanical Design Engineer	Shawano, WI 54166	FEA	SENIOR_LEVEL	$90,000 - $120,000 a year
f3334cb957bb18df	Laborie Medical Technologies Corp	Senior Mechanical Engineer	Portsmouth, NH 03801	FEA	SENIOR_LEVEL	Estimated $90.7K - $115K a year
2a7dc61c502aecfe	Northrop Grumman	Principal / Sr Principal Engineer Structural	Goleta, CA	FEA	SENIOR_LEVEL	$104,600 - $157,000 a year
eb81632172ec3533	Carrier	Design Manufacturing Engineer - Air Management Systems	East Syracuse, NY 13057	FEA	SENIOR_LEVEL	$71,500 - $125,500 a year
90457f0933d3ecdf	Click Bond Inc	Senior Design Engineer	Carson City, NV 89706	FEA	SENIOR_LEVEL	Estimated $103K - $130K a year
f3f8b6c50c675171	Pulsafeeder, Inc., a unit of IDEX Corporation	NPD Lead Engineer	Rochester, NY 14623	FEA	SENIOR_LEVEL	$105,000 - $115,000 a year
d5136f000a052764	Jacobs	Mechanical Engineering Manager for Airborne Products	Severn, MD 21144	FEA	SENIOR_LEVEL	Estimated $138K - $174K a year
10ea4130e134158f	Lovesac Company	Sr. Product Engineer	Saint George, UT 84770	FEA	SENIOR_LEVEL	$95,000 - $130,000 a year
e6e3396e8b1f8242	AES Corporation	Senior Robotics Mechanical Engineer, Solar Innovation	Rochester, NY	FEA	SENIOR_LEVEL	NA
68cea47ec225002b	Rondo Energy	Senior Structural Engineer, R&D	Houston, TX	FEA	SENIOR_LEVEL	Estimated $121K - $154K a year
fb9638e6252e8c4b	Phase Four	Senior Propulsion Systems Engineer	Hawthorne, CA	FEA	SENIOR_LEVEL	$140,000 - $170,000 a year
4e3cad2f4fb9ae3c	Miso Robotics	Sr. Mechanical Engineer	Pasadena, CA 91101	FEA	SENIOR_LEVEL	$100,000 - $150,000 a year
b6e55fc76dafb532	Sargent Aerospace & Defense, LLC	Project Engineer V - Aerospace (PROJE004069)	Tucson, AZ 85743	FEA	SENIOR_LEVEL	Estimated $97.7K - $124K a year
444f492daf5b33df	Mitsubishi Logisnext Americas Inc	Senior Design Engineer, Mechanical	Houston, TX 77043 (Spring Branch area)	FEA	SENIOR_LEVEL	Estimated $107K - $135K a year
7df139b4f127942d	Caterpillar	Senior Engineer - Peoria, IL	Peoria, IL	FEA	SENIOR_LEVEL	Estimated $90.6K - $115K a year
4095819292f76682	Jerry Pittman & Associates Inc	Naval Architect	Panama City, FL	FEA	SENIOR_LEVEL	$44 - $55 an hour
c9af04a497eff169	Cirrus Aircraft	Stress Engineer Senior or Staff	Duluth, MN 55811 (Duluth International Airport area)	FEA	SENIOR_LEVEL	Estimated $108K - $137K a year
dd3b128e4b63d528	Lennox International	Sr. VAVE Engineer	Hybrid remote in Stone Mountain, GA 30087	FEA	SENIOR_LEVEL	$88,000 - $115,000 a year
7d6b2ad273d8e054	HarveyNash	Mechanical Engineer	Parsippany, NJ 07054	FEA	SENIOR_LEVEL	$50 - $85 an hour
395fb13e07348416	Relativity Space	Senior Propulsion Design Engineer	Long Beach, CA	FEA	SENIOR_LEVEL	$127,000 - $163,000 a year
d2d2d6a4400e7bc2	Anvil Corporation	Sr. Mechanical Engineer - Equipment Specialist	Billings, MT 59101	FEA	SENIOR_LEVEL	$113,000 - $145,000 a year
58de5578bb346df6	Stellantis	Subject Matter Expert (SME) -- Power Electronics Hardware Validation	Auburn Hills, MI 48326	FEA	SENIOR_LEVEL	Estimated $110K - $140K a year
ca4aac240ad45657	Carrier	Sound and Vibration Engineer	Indianapolis, IN 46231 (Chapel Hill-Ben Davis area)	FEA	SENIOR_LEVEL	Estimated $104K - $131K a year
9ae6c0d3b94a89ca	Zero Zone, Inc.	Project Engineer	North Prairie, WI	FEA	SENIOR_LEVEL	Estimated $77.7K - $98.3K a year
979137460b115d42	Craig Technologies	Sr Eng II – Sr Equipment Stress Engineer NSE	Richland, WA 99354	FEA	SENIOR_LEVEL	$83,000 - $129,500 a year
dc71ad55a10156c6	Relativity Space	Senior Structural Analysis Engineer - Tools & Methods	Long Beach, CA	FEA	SENIOR_LEVEL	$127,000 - $163,000 a year
cc1ac05cefd00f46	Kratos Defense	Heat Transfer Senior Engineer	Jupiter, FL 33458	FEA	SENIOR_LEVEL	Estimated $115K - $146K a year
c2a2f4a45d13450d	Craig Technologies	Sr Eng II – SR Equipment Stress Engineer	Richland, WA 99354	FEA	SENIOR_LEVEL	$83,000 - $129,500 a year
74e9335409ab1db3	RSA Engineered Products, LLC	Project Engineer II	Simi Valley, CA 93065	FEA	SENIOR_LEVEL	$64,480 - $131,300 a year
1a503100d3e7add7	Kratos Defense	Heat Transfer Engineer Senior	Jupiter, FL 33458	FEA	SENIOR_LEVEL	Estimated $122K - $155K a year
ca223613924f2669	Relativity Space	Staff Propulsion Design Engineer	Long Beach, CA	FEA	SENIOR_LEVEL	$150,000 - $194,000 a year
b8964931ba14ddd1	Rondo Energy	Senior Systems Design Engineer	Alameda, CA	FEA	SENIOR_LEVEL	$170,000 - $190,000 a year
a288b687ea34d3d8	CEDENT	Senior Mechanical Engineer	Franklin Lakes, NJ	FEA	SENIOR_LEVEL	Estimated $103K - $130K a year
7dc06869ab6c8b74	Midrex Technologies Inc	Senior Mechanical Engineer	Charlotte, NC 28208 (Eagle Lake area)	FEA	SENIOR_LEVEL	Estimated $98.9K - $125K a year
58ee86d6b1b37978	Climate Robotics	Senior Mechanical Engineer	Houston, TX	FEA	SENIOR_LEVEL	Estimated $113K - $143K a year
70c61808c2d33736	Rondo Energy	Senior Structural Engineer, R&D	Alameda, CA	FEA	SENIOR_LEVEL	$180,000 - $220,000 a year
f8a9f8ff2668e030	Kohler	Senior Staff Engineer, Faucets Product Engineering	Hybrid remote in Kohler, WI 53044	FEA	SENIOR_LEVEL	$110,050 - $140,200 a year
eb49f9096bc600a6	Relativity Space	Staff Propulsion Design Engineer	Long Beach, CA	FEA	SENIOR_LEVEL	$150,000 - $194,000 a year
a440fe9544da8ceb	Meta	AR/VR Product Design Engineering Lead, Reality Labs	Sunnyvale, CA 94089 (Lakewood area)	FEA	SENIOR_LEVEL	$196,000 - $269,000 a year
4b8e4b7a36166fe5	Kaman	Applications Engineer II	Foothill Ranch, CA 92610	FEA	SENIOR_LEVEL	$90,000 - $115,000 a year
1a2539680c07d107	Arthrex	Engineer Sr II - Mechanical - Medical Devices	Santa Barbara, CA 93111	FEA	SENIOR_LEVEL	$17 an hour
07b186b18c841319	NMG Aerospace	Senior Product Design Engineer - Valves/Pneumatics/Hydraulics/Solenoids	Stow, OH 44224	FEA	SENIOR_LEVEL	Estimated $96.5K - $122K a year
89ba8e46946b3ee6	V Soft Consulting	Senior Project Engineer	Appleton, WI 54911 (Downtown area)	FEA	SENIOR_LEVEL	$50 - $53 an hour
d786a1bfc5b41d69	TTI Floor Care North America	Sr. Project Engineer	Charlotte, NC 28262 (Mineral Springs-Rumble Road area)	FEA	SENIOR_LEVEL	Estimated $94.2K - $119K a year
a4cb5c991ed5353a	Pyka	Senior Mechanical Design Engineer	Oakland, CA	FEA	SENIOR_LEVEL	$130,000 - $160,000 a year
c26308a74c892494	Pyka	Senior Mechanical Design Engineer — Electric Powertrain System	Oakland, CA	FEA	SENIOR_LEVEL	$130,000 - $160,000 a year
8d5aa94690525b3c	Machine Solution Providers, LLC	Mechanical Design Engineer	Downers Grove, IL 60515	FEA	SENIOR_LEVEL	$72,000 - $95,000 a year
a611d780ddd418bc	Ohmiq Inc	Senior Mechanical Engineer	North Charleston, SC 29405	FEA	SENIOR_LEVEL	Estimated $96.2K - $122K a year
88e821e614fc05a6	S & C Electric Company	Product Architect (Principal Engineer)	Chicago, IL (Rogers Park area)	FEA	SENIOR_LEVEL	Estimated $142K - $180K a year
b19e7acd765831a3	QinetiQ US	Senior Mechanical Engineer	Lorton, VA	FEA	SENIOR_LEVEL	Estimated $104K - $132K a year
ad4411781877f83c	Relativity Space	Senior Propulsion Design Engineer	Long Beach, CA	FEA	SENIOR_LEVEL	$127,000 - $163,000 a year
8b7affaefde0899f	Bevi	Senior Mechanical Engineer, Product Development	Boston, MA	FEA	SENIOR_LEVEL	Estimated $129K - $163K a year
3ce9c6a59d219c94	SpaceX	Sr. Falcon Responsible Engineer	Hawthorne, CA	FEA	SENIOR_LEVEL	$125,000 - $175,000 a year
7890abb25feeeb10	Intuitive Surgical	Staff Mechanical Design Engineer - Casting	Sunnyvale, CA (East Murphy area)	FEA	SENIOR_LEVEL	$138,200 - $233,900 a year
af16bf49be60a203	GE Healthcare	Senior Mechanical Engineer	Florence, SC 29501	FEA	SENIOR_LEVEL	Estimated $108K - $137K a year
171798293655dbca	Virgin Galactic	Sr. Stress Engineer	Tustin, CA 92782	FEA	SENIOR_LEVEL	Estimated $120K - $151K a year
5645ed4d26a22259	Ursa Major	Senior GSE Design Engineer	Berthoud, CO	FEA	SENIOR_LEVEL	Estimated $107K - $136K a year
8314138cd20e75dd	Leidos	Hypersonic Systems Engineer	King of Prussia, PA 19406	FEA	SENIOR_LEVEL	$97,500 - $176,250 a year
6d7efae9726220cf	Ensign-Bickford Industries, Inc.	Senior Capture Engineer	Moorpark, CA	FEA	SENIOR_LEVEL	$90,000 - $155,000 a year
64f285d53a50a36f	Tokai Carbon CB Ltd.	Corporate Mechanical Engineer, PE	Fort Worth, TX	FEA	SENIOR_LEVEL	Estimated $104K - $132K a year
f703871d71a148dc	Tetra Tech	Project Manager	Bellevue, WA (Downtown area)	FEA	SENIOR_LEVEL	Estimated $123K - $156K a year
01a747e5baf2b23c	Jerry Pittman & Associates Inc	Naval Architect 3	Mobile, AL	FEA	SENIOR_LEVEL	$51.50 an hour
0dddabb780b3f271	Archer	Staff Mechanical Systems Engineer	San Jose, CA	FEA	SENIOR_LEVEL	$151,680 - $208,560 a year
d66d05a33c12d7ff	Kodak Alaris	Mechanical Engineer	Rochester, NY	FEA	SENIOR_LEVEL	$97,000 - $118,000 a year
8367a2325dabc124	Georgia-Pacific	Sr. Mechanical Engineer	Neenah, WI 54956	FEA	SENIOR_LEVEL	Estimated $108K - $137K a year
fa21cb6a7d31b83b	Virgin Galactic	Specialist Stress Engineer	Tustin, CA 92782	FEA	SENIOR_LEVEL	Estimated $121K - $154K a year
abd3b0db91d8676c	Tetra Tech	Senior Structural Engineer	Bellevue, WA (Downtown area)	FEA	SENIOR_LEVEL	$125,000 - $180,000 a year
a168bb1c16e68cda	Charm Industrial	Senior Mechanical Engineer - Research	San Francisco, CA	FEA	SENIOR_LEVEL	$130,000 - $160,000 a year
344694030dea85be	Jerry Pittman & Associates Inc	Naval Architect 2	Mobile, AL	FEA	SENIOR_LEVEL	$40 an hour
0b69f5486da7fca0	NuVasive, Inc.	Mechanical Engineering Manager - Enabling Tech	San Diego, CA (Sorrento Valley area)	FEA	SENIOR_LEVEL	$129,500 - $240,500 a year
a6385df1547444dc	Gatik AI, Inc.	Senior Structural Validation Engineer	Mountain View, CA	FEA	SENIOR_LEVEL	Estimated $135K - $171K a year
769495094591bc43	James Hardie	Senior Mechanical Engineer	Waxahachie, TX	FEA	SENIOR_LEVEL	Estimated $105K - $133K a year
398641922e19519a	Hyliion	Senior Mechanical Engineer	Cincinnati, OH	FEA	SENIOR_LEVEL	Estimated $99.8K - $126K a year
07f695e5ec8088b4	BARKO	Senior Design Engineer	Superior, WI 54880	FEA	SENIOR_LEVEL	Estimated $87.6K - $111K a year
853f90b297fc6764	Great Dane LLC	Design Engineer	Savannah, GA 31407	FEA	SENIOR_LEVEL	Estimated $77.4K - $98K a year
462dfe14c3775f00	Navistar, Inc.	Chief Technical Engineer, Vehicle and Multibody Simulations	Lisle, IL 60532	FEA	SENIOR_LEVEL	Estimated $124K - $157K a year
d20beed42b1459f3	Lam Research	Mechatronics Engineer 4	Fremont, CA 94538 (Baylands area)	FEA	SENIOR_LEVEL	$126,000 - $233,000 a year
4003a3922cc7381e	Bray International, Inc.	Senior Valve Design Engineer	Houston, TX 77041	FEA	SENIOR_LEVEL	Estimated $98.5K - $125K a year
33f2fb8a0077c82c	Allegis for SPX Flow	Design Engineer 3	Delavan, WI	FEA	SENIOR_LEVEL	Estimated $72.7K - $92.1K a year
3380760f140022e0	RRC POWER AND ENERGY	Senior Structural Engineer	Remote in Round Rock, TX 78664	FEA	SENIOR_LEVEL	Estimated $107K - $135K a year
025520d1b5e632c8	Pridevel Consulting	Mechanical Design Engineer	Sterling Heights, MI 48310	FEA	SENIOR_LEVEL	$60 - $65 an hour
f40c446241b7e311	Thornton Tomasetti	Senior Engineer - Applied Science	Washington, DC	FEA	SENIOR_LEVEL	$80,000 - $90,000 a year
d33cb0c8ca5dc0b4	ABB	R&D Principal Electrical Engineer	Fort Smith, AR	FEA	SENIOR_LEVEL	Estimated $120K - $152K a year
73b6df349dc51679	Regal Rexnord	Quality Engineer	Radford, VA	FEA	SENIOR_LEVEL	NA
c8cf6bd152f8104f	Dynisco Instruments LLC	Senior Mechanical Engineer	Franklin, MA 02038	FEA	SENIOR_LEVEL	Estimated $104K - $131K a year
d95472567caf20af	Point Blank Enterprises, Inc.	Senior Product Development Engineer	Tempe, AZ 85282	FEA	SENIOR_LEVEL	$75,000 - $90,000 a year
e891db22fbe650b1	QinetiQ US	Senior Engineer	Fort Belvoir, VA	FEA	SENIOR_LEVEL	Estimated $115K - $146K a year
aeee0da163cd1d46	Lawrence Livermore National Laboratory	Senior Mechanical Engineering Analyst	Livermore, CA	FEA	SENIOR_LEVEL	$153,210 - $196,788 a year
0ab843787a042544	Answer Engineering	Senior Mechanical Engineer	Nashua, NH	FEA	SENIOR_LEVEL	Estimated $104K - $132K a year
c4fa8a247e9f1745	Re:Build Manufacturing	Senior Mechanical Engineer	Nashua, NH	FEA	SENIOR_LEVEL	Estimated $104K - $132K a year
3840f85b8bdfa952	Wabtec	Senior Engineer - Energy Storage	Fort Worth, TX 76177	FEA	SENIOR_LEVEL	Estimated $102K - $129K a year
5d27d74a38a4eb01	Tesla	Sr. Mechanical Design Engineer	Brooklyn Park, MN	FEA	SENIOR_LEVEL	Estimated $107K - $135K a year
af44e21ab4529b29	Bausch + Lomb	Principal Engineer, Mechanical Design	St. Louis, MO 63112 (West End area)	FEA	SENIOR_LEVEL	NA
9966a0d8a97e03ce	AGILE GLOBAL SOLUTION	Sr. Design Engineer	Blacksburg, VA	FEA	SENIOR_LEVEL	$135,000 - $140,000 a year
2fc7cc4fe47e097f	Copeland	Lead/Sr Lead Project Engineer	Sidney, OH	FEA	SENIOR_LEVEL	Estimated $113K - $144K a year
db04209fd418aa3d	APPLIED COMPOSITES INC	Mechanical Design Engineer 3	Indianapolis, IN 46231 (Chapel Hill-Ben Davis area)	FEA	SENIOR_LEVEL	Estimated $89.1K - $113K a year
b9ab455113715752	ANDURIL INDUSTRIES	Sr Engineering Manager	Huntsville, AL	FEA	SENIOR_LEVEL	Estimated $138K - $175K a year
3a56f6f195e84b9c	Generac Power Systems	Senior Manager Mechanical Engineering	Bedford, MA 01730	FEA	SENIOR_LEVEL	Estimated $127K - $160K a year
7e2864632970c976	VadaTech Inc.	Senior Mechanical Engineer	Henderson, NV (Anthem area)	FEA	SENIOR_LEVEL	Estimated $99.5K - $126K a year
74b0c524791a66ec	Fairbanks Morse Defense	Sr Mechanical Engineer - AWE FEC	Cincinnati, OH 45233 (Riverside area)	FEA	SENIOR_LEVEL	Estimated $101K - $128K a year
4dcd451c91fdfc4d	Relativity Space	Senior Structural Analysis Engineer - Tools & Methods	Long Beach, CA	FEA	SENIOR_LEVEL	$127,000 - $163,000 a year
15ed9dba4649fefd	CiDRA Minerals Processing	Sr. Mechanical Engineer	Windsor, CT	FEA	SENIOR_LEVEL	$100,000 - $130,000 a year
c0e84990d831aef0	Engineers and Constructors International Inc.	Mechanical Engineering Section Leader	Baton Rouge, LA 70816	FEA	SENIOR_LEVEL	Estimated $128K - $163K a year
1c4ca57f7a314830	Ideal Spectroscopy	Senior Product Design Mechanical Engineer	Albuquerque, NM 87109 (Academy Acres North area)	FEA	SENIOR_LEVEL	Estimated $93.3K - $118K a year
d75a3b2fad0ecdf9	Ideal Vacuum Products	Senior Product Design Mechanical Engineer	Albuquerque, NM 87109 (Academy Acres North area)	FEA	SENIOR_LEVEL	Estimated $90.3K - $114K a year
e2c860b70cb5e070	Westinghouse Electric Co	Senior Mechanical Engineer	Cranberry Township, PA 16066	FEA	SENIOR_LEVEL	Estimated $96.5K - $122K a year
a909a03126b14c7d	Werfen	Staff Engineer, Hardware, Mechanical R&D - Medical Device	Hybrid remote in San Diego, CA 92121	FEA	SENIOR_LEVEL	Estimated $120K - $152K a year
754c5cb0a3b47cad	AMP - Auto Motive Power	Senior Mechanical/Manufacturing Engineer	Santa Fe Springs, CA 90670	FEA	SENIOR_LEVEL	$120,000 a year
e7e50a56d0887056	CEF Industries, LLC	Senior Project Engineer	Addison, IL 60101	FEA	SENIOR_LEVEL	$95,000 - $115,000 a year
7ec2ccf6292efa51	McNeilus Truck & Mfg Inc	Sr Mechanical Engineer - Body/Structures	Dodge Center, MN 55927	FEA	SENIOR_LEVEL	Estimated $81.7K - $103K a year
1d1febee71f30bf5	Nuvera Fuel Cells	New Product Introduction (NPI) Product Engineer	Billerica, MA 01821	FEA	SENIOR_LEVEL	Estimated $90.6K - $115K a year
fa0c43ad03ef8163	M4 Engineering	Aerospace Design Engineer (Senior)	Long Beach, CA 90807 (Bixby Knolls area)	FEA	SENIOR_LEVEL	Estimated $107K - $135K a year
f4cf8c37f23ac886	Lam Research	Mechanical Engineer 5	Fremont, CA 94538 (Baylands area)	FEA	SENIOR_LEVEL	$132,000 - $244,000 a year
fa39a47268746004	TAE Technologies	Sr. Mechanical Engineer	Irvine, CA	FEA	SENIOR_LEVEL	Estimated $127K - $160K a year
3c75ec875b9ff881	TAE Technologies, Inc.	Sr. Mechanical Engineer	Irvine, CA	FEA	SENIOR_LEVEL	Estimated $127K - $160K a year
0819c9d27a302f07	Simu Tech Group	Senior Staff Engineer - Location: Flexible	Everett, WA 98204 (Holly area)	FEA	SENIOR_LEVEL	$80,000 - $130,000 a year
5da5b4ab218ea44b	Simu Tech Group	Senior Staff Engineer - Location: Flexible	Remote in United States	FEA	SENIOR_LEVEL	$80,000 - $130,000 a year
86b3a5c7586e9b16	Simu Tech Group	Senior Staff Engineer - Location: Flexible	Hudson, OH 44236	FEA	SENIOR_LEVEL	$80,000 - $130,000 a year
2002da98071b3790	Simu Tech Group	Senior Staff Engineer - Location: Flexible	Rochester, NY 14623	FEA	SENIOR_LEVEL	$80,000 - $130,000 a year
0f5600440d231241	Generac Power Systems	Senior Staff Mechanical Engineer	Pacific Palisades, CA	FEA	SENIOR_LEVEL	Estimated $130K - $165K a year
501d72a56f18e6db	SOFEC	Sr. Pipe Stress Engineer	Houston, TX	FEA	SENIOR_LEVEL	Estimated $130K - $164K a year
1cb1cafa5675e74f	Skyways	Senior Aero / Mechanical Engineer Lead	Austin, TX 78754	FEA	SENIOR_LEVEL	Estimated $112K - $142K a year
8bef5d6834ff1d9c	Ford Motor Company	Senior Seating Systems Structure Engineer	Irvine, CA 92618 (Irvine Health and Science Complex area)	FEA	SENIOR_LEVEL	Estimated $102K - $129K a year
1ccd32f6b9c9aadc	MTI	Sr. Design Engineer	Pleasant Prairie, WI 53158	FEA	SENIOR_LEVEL	Estimated $89.7K - $114K a year
cc46342f22f24cd2	Lumenix	Senior Hardware Engineer	Remote	FEA	SENIOR_LEVEL	Estimated $135K - $171K a year
59cdd26b2c8929a1	Beta Technologies	Industrial Design Engineer - Ground Support Equipment | Charge	South Burlington, VT	FEA	SENIOR_LEVEL	NA
3471660de2fb6a7b	FORTUNE PERSONNEL CONSULTANTS	Sr. Mechanical Engineer	San Jose, CA	FEA	SENIOR_LEVEL	$175,000 - $210,000 a year
ff597d82d1b9c922	Leidos	Senior Mechanical Engineer	San Diego, CA 92121	FEA	SENIOR_LEVEL	$97,500 - $176,250 a year
c443662afa8666d1	FARO Technologies	Senior Mechanical Engineer	Lake Mary, FL	FEA	SENIOR_LEVEL	Estimated $93.5K - $118K a year
b6daa551978b35c6	Lithion Battery Inc	Mechanical Engineer Sr.	Henderson, NV 89014 (Gibson Springs area)	FEA	SENIOR_LEVEL	Estimated $96.8K - $123K a year
67480bcdcf841cda	Retech Systems LLC	Senior Project Engineer	Buffalo, NY 14211 (Grider area)	FEA	SENIOR_LEVEL	$60,000 - $150,000 a year
6388204f72b43e44	Milwaukee Electric Tool Corporation	Sr Advanced Manufacturing Engineer	Mukwonago, WI	FEA	SENIOR_LEVEL	Estimated $99.6K - $126K a year
1f3cfc4b5edd3def	Amazon Data Services, Inc.	Sr. Mech Product Engineer, Data Center Eng, Mech Solutions	Seattle, WA	FEA	SENIOR_LEVEL	From $114,300 a year
6f00d93f841ccbcf	Magna International Inc.	Senior Engineer - Vehicle Mass Integration	Troy, MI 48083	FEA	SENIOR_LEVEL	Estimated $88.3K - $112K a year
4ffcd1e03660d89a	Apple	Sr. Mechanical Engineer ( Equipment Design)	Cupertino, CA	FEA	SENIOR_LEVEL	NA
86902793d36a8259	Tesla	Sr. Process Mechanical Design Engineer, Cell Manufacturing	Austin, TX	FEA	SENIOR_LEVEL	Estimated $99.2K - $126K a year
4120a0c91d55009c	Textron Systems	Mechanical Engineer IV	Wilmington, MA 01887	FEA	SENIOR_LEVEL	NA
1006979a5e43a692	Club Car LLC	Senior Mechanical Engineer	Aiken, SC 29801	FEA	SENIOR_LEVEL	Estimated $91.4K - $116K a year
90d1d1bbc2ef5910	PACCAR	Lead Structural CAE Engineer	Kirkland, WA 98033 (Highlands area)	FEA	SENIOR_LEVEL	$93,000 - $145,500 a year
d5dad9562387e61c	TAT Technologies Ltd	Aero Thermal Design Expert	Charlotte, NC	FEA	SENIOR_LEVEL	$120,000 - $150,000 a year
e7651c9bc99c5168	Club Car LLC	Senior Mechanical Engineer	Appling, GA 30802	FEA	SENIOR_LEVEL	Estimated $90.7K - $115K a year
324ad8ccb95fffa7	Boeing EnCore Interiors, LLC	Stress Engineer	Huntington Beach, CA 92647	FEA	SENIOR_LEVEL	Estimated $79.2K - $100K a year
31cbbf7e90ab52e6	Boyd	Mechanical Thermal Simulation Engineer	Phoenix, AZ 85003	FEA	SENIOR_LEVEL	Estimated $81.3K - $103K a year
b3bf4e0188aefaaf	Midrex Technologies Inc	Senior Mechanical Engineer	Charlotte, NC 28208 (Eagle Lake area)	FEA	SENIOR_LEVEL	Estimated $98.9K - $125K a year
c72b93e6804fa54b	Boyd Corporation	Mechanical Thermal Simulation Engineer	Phoenix, AZ 85003	FEA	SENIOR_LEVEL	Estimated $81.3K - $103K a year
4ce3fcde5f0c6bef	HDR	Senior Structural Engineer	Minneapolis, MN (Downtown West area)	FEA	SENIOR_LEVEL	Estimated $104K - $132K a year
49dd948dfa362db0	Quartus Engineering	Structural Analysis Engineer - Senior Engineer - 180QE	Herndon, VA 20170	FEA	SENIOR_LEVEL	$114,609.25 - $187,270.02 a year
71653820c7e5aeb9	Textron Systems: Lycoming Engines	Mgr Mechanical Engineering	Williamsport, PA	FEA	SENIOR_LEVEL	NA
b485b8a3e6a60465	Adcole Space	Sr Structural Analyst IV	Longmont, CO 80503	FEA	SENIOR_LEVEL	$110,000 - $155,000 a year
4881802a6e782fdb	NEXTracker	Sr. Manager, Mechanical Engineering	Fremont, CA 94555 (Ardenwood area)	FEA	SENIOR_LEVEL	$87,700 - $120,600 a year
77ba8824020d49ed	Flex	Sr. Manager, Mechanical Engineering	Fremont, CA	FEA	SENIOR_LEVEL	$87,700 - $120,600 a year
31ca7d1435d0c916	HRL Laboratories	Mechanical Engineer	Malibu, CA 90265	FEA	SENIOR_LEVEL	Estimated $119K - $150K a year
e70093067e4731d9	BOEING	Space Electronics Packaging & Mechanical Product Design & Analysis Engineer (Lead/Senior)	El Segundo, CA 90245	FEA	SENIOR_LEVEL	Estimated $138K - $175K a year
94f9b2450ab95796	Johnston Engineering	Senior Mechanical Engineer	Spokane, WA 99202 (Chief Garry Park area)	FEA	SENIOR_LEVEL	Estimated $110K - $139K a year
4965d770845d35b5	Pivotal	Senior Composite Design Engineer	Palo Alto, CA	FEA	SENIOR_LEVEL	Estimated $123K - $156K a year
bfbc33b1d01e8683	Molex	Engineering Supervisor (Mechanical)	Lisle, IL 60532	FEA	SENIOR_LEVEL	Estimated $96.2K - $122K a year
4270f3722d956d56	T.D. Williamson, Inc.	Senior Mechanical Engineer	Tulsa, OK	FEA	SENIOR_LEVEL	Estimated $96.2K - $122K a year
051ca6cb6becc326	Fluitron LLC	Engineer, Rotating Equipment (Senior)	Hatboro, PA 19040	FEA	SENIOR_LEVEL	Estimated $112K - $142K a year
209971c708f9c239	CECO Environmental	Sr. Engineer, Mechanical	Indianapolis, IN 46254	FEA	SENIOR_LEVEL	Estimated $99.1K - $125K a year
61b58a93e4873a16	Tesla	Sr. Mechanical Design Engineer, Automated Test Equipment, Semi, Manufacturing Test & Engineering	Sparks, NV 89434	FEA	SENIOR_LEVEL	Estimated $119K - $150K a year
2fc975b5457b7a3a	SpaceX	Sr. Mechanical Engineer, Insource Manufacturing (Starlink)	Hawthorne, CA	FEA	SENIOR_LEVEL	$125,000 - $175,000 a year
d9eab89bdcb02198	Forward	Senior Design Engineer	San Francisco, CA	FEA	SENIOR_LEVEL	Estimated $126K - $159K a year
dd75b0f80728a51a	PERI	Senior Engineer* – Quality Assurance and Testing	Calumet Park, IL	FEA	SENIOR_LEVEL	Estimated $72.9K - $92.3K a year
46f45a8fed93c0ab	Relativity Space	Staff Tooling Engineer	Long Beach, CA	FEA	SENIOR_LEVEL	$150,000 - $194,000 a year
26e91c35fbc9c33a	Commonwealth Fusion Systems	Senior Mechanical Engineer	Milpitas, CA 95035	FEA	SENIOR_LEVEL	$150,000 - $250,000 a year
2b62fb8a5839814a	S & C Electric Company	Manager-Vacuum Interrupter Technology	Chicago, IL (Rogers Park area)	FEA	SENIOR_LEVEL	Estimated $116K - $147K a year
46051a83fdffd019	Club Car LLC	Senior Mechanical Engineer	Evans, GA 30809	FEA	SENIOR_LEVEL	Estimated $90.7K - $115K a year
b1d480aef265cbd3	Mesa Associates, Inc.	Sr Mechanical Engineer	Knoxville, TN 37932	FEA	SENIOR_LEVEL	Estimated $90.3K - $114K a year
7dd8a594c5e20b86	Peri Formwork Systems - USA	Senior Engineer - Quality Assurance and Testing	Mansfield, TX	FEA	SENIOR_LEVEL	Estimated $69.1K - $87.5K a year
0d6f013406c567e5	Airgas	Sr Systems Engineering Manager	Cheshire, CT	FEA	SENIOR_LEVEL	NA
c3cd9ff8c436f7b1	Milwaukee Electric Tool Corporation	Lead Automation Controls Engineer	Brookfield, WI 53005	FEA	SENIOR_LEVEL	Estimated $104K - $131K a year
8290d05c40b41ed3	Tesla	Sr. Mechanical Design Engineer, Motors, Drive Systems	Austin, TX	FEA	SENIOR_LEVEL	Estimated $103K - $131K a year
271ab0a31b6a64e8	Technip Energies	Senior Offshore Pipeline Engineer	Houston, TX 77079 (Memorial area)	FEA	SENIOR_LEVEL	Estimated $123K - $156K a year
f61ad7de8442c449	Tesla	Sr. Mechanical Design Engineer, Motors, Drive Systems	Palo Alto, CA	FEA	SENIOR_LEVEL	Estimated $115K - $145K a year
bf46a2b75fb3a473	Stress Engineering Services, Inc.	Mid Level Mechanical Engineer (Petro-Chemical)	Cincinnati, OH	FEA	SENIOR_LEVEL	Estimated $99.3K - $126K a year
c1e034fce1cb8719	Stress Engineering Services, Inc.	Mid Level Mechanical Engineer (Petro-Chemical)	Cincinnati, OH	FEA	SENIOR_LEVEL	Estimated $99.3K - $126K a year
765d439d0d5b7569	Gatik AI, Inc.	Senior/Staff Mechanical Engineer, Controls & Drive by Wire	Mountain View, CA	FEA	SENIOR_LEVEL	Estimated $122K - $155K a year
6b5b2c5dcc926190	Heat and Control, Inc.	Project Engineer	Galesburg, IL	FEA	SENIOR_LEVEL	Estimated $83K - $105K a year
91a7923a9ac23e0a	SSAB	Facilities Structural Engineer	Muscatine, IA 52761	FEA	SENIOR_LEVEL	Estimated $89.8K - $114K a year
5d86fb66c8a64c4d	PRINCIPLE POWER	Senior Structural Engineer	Emeryville, CA 94608	FEA	SENIOR_LEVEL	NA
0fee29dc4397d1af	PRINCIPLE POWER	Senior Structural Engineer	Houston, TX	FEA	SENIOR_LEVEL	NA
45ed9c69794a19fd	Principle Power	Senior Structural Engineer	Emeryville, CA 94608	FEA	SENIOR_LEVEL	$90 an hour
4a90e0c07a2b0368	Principle Power	Senior Structural Engineer	Houston, TX	FEA	SENIOR_LEVEL	NA
c267ddf6fa5da60a	Weatherford	Principal Engineer/ Downhole	Houston, TX 77041	FEA	SENIOR_LEVEL	Estimated $99.5K - $126K a year
1002bb9c733d2afe	Axon	Sr. Mechanical Engineering Manager (Onsite)	Scottsdale, AZ 85255 (North Scottsdale area)	FEA	SENIOR_LEVEL	$110,000 a year
1c0c781a562960d5	FCA	Subject Matter Expert (SME) -- Power Electronics Hardware Validation	Auburn Hills, MI 48326	FEA	SENIOR_LEVEL	Estimated $91.6K - $116K a year
9ec34e29fd4b4ded	Energizer Holdings	Senior Product Development Engineer (Hybrid)	Vandalia, OH 45377	FEA	SENIOR_LEVEL	Estimated $85.4K - $108K a year
752db9811b388163	Relativity Space	Senior Vehicle Fluids Mechanical Engineer	Long Beach, CA	FEA	SENIOR_LEVEL	$127,000 - $163,000 a year
848631486af33434	Engineers and Constructors International Inc.	Sr Mechanical Design Engineer | Fixed Equipment	Baton Rouge, LA 70816	FEA	SENIOR_LEVEL	Estimated $134K - $169K a year
928d77431347f7ca	ANALYGENCE, Inc.	Senior Test Engineer	San Antonio, TX 78226 (Thompson Community area)	FEA	SENIOR_LEVEL	NA
57b9972dc70c3662	Barnhart Crane & Rigging	Senior Engineer - 2517	Memphis, TN 38114 (Midtown area)	FEA	SENIOR_LEVEL	Estimated $87.6K - $111K a year
7c7bba831bce09ff	Anello Photonics	Senior Opto-Mechanical Design Engineer	Santa Clara, CA	FEA	SENIOR_LEVEL	Estimated $137K - $174K a year
8c6c590f4e409289	Milwaukee Electric Tool Corporation	Senior Advanced Manufacturing Engineer	West Bend, WI	FEA	SENIOR_LEVEL	Estimated $94.4K - $120K a year
ec10302fabdd7d5d	Engineers and Constructors International Inc.	Project Manager	Hybrid remote in Baton Rouge, LA 70816	FEA	SENIOR_LEVEL	Estimated $106K - $134K a year
a863ece3bd249dbd	University of Dayton	Senior Project Engineer	Dayton, OH 45469 (University Park area)	FEA	SENIOR_LEVEL	NA
ac1c4352196ef6c4	Austal USA	Mechanical Engineer III	Mobile, AL (North Industrial Area area)	FEA	SENIOR_LEVEL	Estimated $88.8K - $112K a year
a30b7fb779ceb70e	Galaxy Tek Hires	Engineering Manager	Waco, TX	FEA	SENIOR_LEVEL	Estimated $108K - $137K a year
126234be8e271740	Power Systems Mfg., LLC	Senior Engineer, Structures Design	Jupiter, FL 33458	FEA	SENIOR_LEVEL	Estimated $89.5K - $113K a year
d1200f3972063388	Power Systems Mfg., LLC	Senior Engineer, Airfoil Structures	Jupiter, FL 33458	FEA	SENIOR_LEVEL	Estimated $90.7K - $115K a year
4669aa612bfcc81a	NEXTracker	Sr. Mechanical Design Engineer	Fremont, CA 94555 (Ardenwood area)	FEA	SENIOR_LEVEL	$87,700 - $120,600 a year
6653289792881f06	Product Creation Studio	Senior Mechanical Design Engineer	Seattle, WA 98109 (South Lake Union area)	FEA	SENIOR_LEVEL	Estimated $114K - $144K a year
1504f6fcbf3e6c4d	Flex	Sr. Mechanical Design Engineer	Fremont, CA	FEA	SENIOR_LEVEL	$87,700 - $120,600 a year
0ecdec8d4a800a8f	MIT	Senior Mechanical Engineer	Cambridge, MA 02139 (MIT area)	FEA	SENIOR_LEVEL	$130,000 - $150,000 a year
e0a12152cb21e88b	Austal USA	Naval Architect III	Mobile, AL (North Industrial Area area)	FEA	SENIOR_LEVEL	NA
4f5fe0694a388af4	G.W. Lisk Company	Senior Engineer - Valves	Clifton Springs, NY 14432	FEA	SENIOR_LEVEL	$74,000 - $115,000 a year
8949cdd497d2e8dd	Corvid Technologies LLC	Sr Computational Physics Software Developer	Mooresville, NC 28117	FEA	SENIOR_LEVEL	NA
62896a2a0744ac8a	Pivotal	Senior Aeromechanical Engineer	Palo Alto, CA	FEA	SENIOR_LEVEL	Estimated $123K - $156K a year
0fdcac7282757e50	Voith Group	Senior Engineer Balance of Plant (mechanical)	York, PA	FEA	SENIOR_LEVEL	Estimated $108K - $136K a year
1729f128444b74b2	SubCom	Director, Electrical Engineering	New Hampshire	FEA	SENIOR_LEVEL	Estimated $138K - $175K a year
86bb59ae11545ef4	Tesla	Sr. Test Engineer, Industrial and Residential Energy Systems	Palo Alto, CA	FEA	SENIOR_LEVEL	Estimated $121K - $154K a year
9f0139949877268f	Beta Technologies	Senior Mechanical Engineer | Lift Kit	South Burlington, VT	FEA	SENIOR_LEVEL	NA
bb9edf9e33a01e32	Midea	Senior Structural Design Engineer – Major Cooking Appliances	Louisville, KY 40299	FEA	SENIOR_LEVEL	Estimated $104K - $132K a year
fc7d838ad6e9a2c6	CCI INDUSTRIAL SERVICES LLC	Mechanical I&E Designer	Prudhoe Bay, AK 99734	FEA	SENIOR_LEVEL	Estimated $75.4K - $95.5K a year
0439f5cc31d376d9	Milwaukee Electric Tool Corporation	Sr. Motor Engineer	Montana	FEA	SENIOR_LEVEL	Estimated $94.8K - $120K a year
9e29d9910a787e19	Tesla	Sr. Mechanical Design Engineer Enclosures, Megapack	Palo Alto, CA	FEA	SENIOR_LEVEL	Estimated $112K - $141K a year
ed691d925f8d7f38	Milwaukee Electric Tool Corporation	Sr Motor Engineer	Brookfield, WI 53005	FEA	SENIOR_LEVEL	Estimated $96.3K - $122K a year
f8c0c690ccbb7d45	Rugged Science, LLC	Senior Mechanical Engineer	Sparks, MD 21152	FEA	SENIOR_LEVEL	$120,000 - $150,000 a year
05314391f8bca675	Cnpc Usa Corporation	Computational Scientist	Houston, TX 77042 (West Houston area)	FEA	SENIOR_LEVEL	NA
68c320790ea01b05	Panasonic Avionics Corporation	Senior Mechanical Engineer - Avionics	Hybrid remote in Irvine, CA 92612	FEA	SENIOR_LEVEL	$90,000 - $151,000 a year
e34c3b8755cbac31	Axon	Sr. Mechanical Engineer (Onsite)	Scottsdale, AZ 85255 (North Scottsdale area)	FEA	SENIOR_LEVEL	$83,000 a year
44af93f6e0fbdad9	ASM International	Senior Mechanical Engineer	Phoenix, AZ	FEA	SENIOR_LEVEL	Estimated $104K - $132K a year
62ac6c46b79d6cdb	Design Central	Senior Mechanical Engineer	Columbus, OH 43231 (Northern Woods area)	FEA	SENIOR_LEVEL	Estimated $81.9K - $104K a year
bf3175670e62c877	THRIVE HQ	Senior Mechanical Engineer	Atlanta, GA	FEA	SENIOR_LEVEL	Estimated $114K - $145K a year
32e6bc4ac2bf4ded	M/A Com Technolgy Solutions	Senior Packaging Engineer	Morrisville, NC	FEA	SENIOR_LEVEL	Estimated $102K - $129K a year
8b7cdb8ad58e5276	G.W. Lisk Company	Senior Engineer - Military & Aerospace Valves	Clifton Springs, NY 14432	FEA	SENIOR_LEVEL	$74,000 - $115,000 a year
263472ca32c120cd	Peri Formwork Systems - USA	Senior Engineer - Research and Development	Mansfield, TX	FEA	SENIOR_LEVEL	NA
d4f8e7ddec493ab9	Tesla	Sr. Mechanical Design Engineer, Automated Test Equipment, Manufacturing Test & Engineering	Palo Alto, CA	FEA	SENIOR_LEVEL	Estimated $127K - $161K a year
c2639cc3cd29412a	Tesla	Sr Mechanical Design Engineer, Autopilot	Palo Alto, CA	FEA	SENIOR_LEVEL	Estimated $124K - $157K a year
0e89fd5c4744833f	THRIVE	Senior Mechanical Engineer	Atlanta, GA 30318 (Marietta Street Artery area)	FEA	SENIOR_LEVEL	Estimated $95.6K - $121K a year
d03e3c0e80d84a5e	Second Order Effects	Senior Mechanical Engineer	Hybrid remote in El Segundo, CA	FEA	SENIOR_LEVEL	$135,000 - $175,000 a year
7b4b5964fae5358e	Ahaus Tool and Engineering	Sr. Mechanical Design Engineer	Richmond, IN	FEA	SENIOR_LEVEL	Estimated $76.6K - $96.9K a year
5b86ca3239548a7d	SPECK DESIGN	Senior Mechanical Engineer	San Jose, CA 95112 (North San Jose area)	FEA	SENIOR_LEVEL	Estimated $120K - $152K a year
212124af2125a4f2	Crow Engineering	Senior Structural Engineer	Beaverton, OR 97008 (Greenway area)	FEA	SENIOR_LEVEL	Estimated $91.9K - $116K a year
9277ffc29e0345b7	Luxon MX	Sr. Mechanical Engineer	San Diego, CA 92126 (Miramar area)	FEA	SENIOR_LEVEL	$50 - $80 an hour
5effe3fdd4ab999b	Haigh-Farr	Senior Mechanical Engineer	Bedford, NH 03110	FEA	SENIOR_LEVEL	Estimated $96.5K - $122K a year
