cff2bbeb6a8b099e	Tekrek Solutions Inc	Project Management / Business Management	Remote	PJM	ENTRY_LEVEL	$22.66 - $55.00 an hour
1d886be810f5df2b	ALWS Solutions	Global Project Manager	Orlando, FL 32824	PJM	ENTRY_LEVEL	$50 - $55 an hour
1afc79195e2f84e2	Madroit Marketing	Digital Marketing Project Manager	Remote in Grand Rapids, MI	PJM	ENTRY_LEVEL	$20 - $45 an hour
faf94905ce155883	LandaJob	Junior Project Manager	Overland Park, KS	PJM	ENTRY_LEVEL	NA
9412e53bd5d44310	ABM Industries	Project Manager	Raleigh, NC 27616 (Northeast Raleigh area)	PJM	ENTRY_LEVEL	$85,000 - $120,000 a year
ab540c9314f972f3	Dri Forfe Inc Construction Restoration	Constuction Appoinment Scheduler	Miami-Dade County, FL	PJM	ENTRY_LEVEL	$7,000 - $12,000 a month
ac695e408b2eb245	ALWs Consulting	SharePoint Designer/Project Manager	Orlando, FL 32824	PJM	ENTRY_LEVEL	$50 - $55 an hour
29cd0f64930713df	California State University	Makerspace Project Coordinator	Los Angeles, CA 90032 (El Sereno area)	PJM	ENTRY_LEVEL	$4,010 - $7,254 a month
85931a46c591be57	Accenture	Scrum Master	Northfield, IL	PJM	ENTRY_LEVEL	NA
e170f4bf0405dd9a	Kraft Power	Project Manager, Generators	Woburn, MA 01801	PJM	ENTRY_LEVEL	$60,000 - $95,000 a year
7b23f0648cb8fa96	Houston Methodist Hospital	Project Specialist	Houston, TX 77030 (Medical Center area)	PJM	ENTRY_LEVEL	NA
d4a3e54f6c84f651	Houston Methodist Hospital	Project Specialist	Houston, TX 77030 (Medical Center area)	PJM	ENTRY_LEVEL	NA
69285628428c7837	Judge Group	Program Manager	San Francisco, CA 94105 (Financial District/South Beach area)	PJM	ENTRY_LEVEL	$60 - $64 an hour
55b7cf4ebf63c66d	TRI Solutions	Assistant Project Manager	Kinston, NC	PJM	ENTRY_LEVEL	$40,000 - $70,000 a year
b530d3f42d1bd675	US Geological Survey	Hydrologist (Integrated Water Prediction Program Manager)	Albuquerque, NM	PJM	ENTRY_LEVEL	$116,393 - $151,308 a year
711f82d92b2e1bf4	Dataworks Consulting Group	Project Coordinator	Hybrid remote in San Juan, PR 00920	PJM	ENTRY_LEVEL	$14.50 - $18.00 an hour
b0086575b42219e2	California State University	Project Coordinator (TUC- HHD)	Northridge, OH	PJM	ENTRY_LEVEL	$18 - $19 an hour
36d30545cf983c75	Jamail & Smith Construction, LP	Assistant Project Manager	San Antonio, TX 78216 (Airport area)	PJM	ENTRY_LEVEL	Up to $80,000 a year
398537926cd0003f	Green Shield Deck Builders	Assistant Project Manager	Grand Rapids, MI 49512	PJM	ENTRY_LEVEL	From $75,000 a year
96a1958dcebc120b	North Wind Group	Project Scheduler (NWS 00308)593	Livermore, CA 94550	PJM	ENTRY_LEVEL	$55 - $80 an hour
aa7053c1007357ec	Wiverse	Project Coordinator	Raleigh, NC	PJM	ENTRY_LEVEL	$23 - $26 an hour
6cc4e10e7112874d	CRDN of the Ark-La-Tex - Houston	Project Manager - Houston	Houston, TX 77064	PJM	ENTRY_LEVEL	$55,000 - $65,000 a year
3ed06d7c4938e6b0	SavCon LLC	Assistant Project Manager (Real Estate/Development/Construction)	West Palm Beach, FL	PJM	ENTRY_LEVEL	$70,000 - $100,000 a year
8501454b12d65b4f	Schick Roofing, LLC	Project Manager, Outside Jobsite Manager	Orlando, FL 32819 (Florida Center area)	PJM	ENTRY_LEVEL	$55,000 - $65,000 a year
33ed73c379f7f9af	Mission Critical Talent Partners	Construction Project Scheduler	Ontario, CA	PJM	ENTRY_LEVEL	$90,000 - $135,000 a year
2a761419435e8b17	Shelby County, AL	Part Time Program Manager - Shelby Volunteers in Service	Columbiana, AL	PJM	ENTRY_LEVEL	$52,000 a year
ad53865cd6693c2f	California State University	Project Coordinator (TUC- MMC)	Northridge, OH	PJM	ENTRY_LEVEL	$25 - $35 an hour
c9828b824def825b	LightSource Unlimited	Lighting Project Manager	Cincinnati, OH	PJM	ENTRY_LEVEL	$55,000 - $60,000 a year
5e8a87b3048749e9	RXO	Functional Project Manager	Naperville, IL 60563	PJM	ENTRY_LEVEL	NA
5ffdbc1942463e1f	ECNI Pro	Assistant Project Manager	Springville, UT 84663	PJM	ENTRY_LEVEL	$18 - $25 an hour
0bb416357a4679d6	Custom Container Living, Inc.	Production Manager	Butler, MO 64730	PJM	ENTRY_LEVEL	$80,000 - $100,000 a year
bb1a53de65ed86c6	US Headquarters, NASA	Physical Scientist, AST - Science Program Management (Direct Hire)	Washington, DC	PJM	ENTRY_LEVEL	$112,015 - $172,075 a year
0277a873e458cc72	Wiverse	Wireless Project Coordinator	Raleigh, NC	PJM	ENTRY_LEVEL	$22 - $24 an hour
d553d28fadc1809f	Mega Service Solutions, Inc.	Project Manager	Tampa, FL 33615	PJM	ENTRY_LEVEL	NA
82b864b821729ca9	STBP, Inc.	Assistant Project Manager	Corpus Christi, TX 78412 (Bay Area area)	PJM	ENTRY_LEVEL	$45,000 - $55,000 a year
a324e2bb08623a41	The MEC Companies	Structured Cabling Assistant Project Manager	Chelmsford, MA	PJM	ENTRY_LEVEL	$60,000 a year
ee564483dd8f3ce0	Oilfield Electric Company	Project Manager Administrative Assistant	Ventura, CA 93001 (The Avenue area)	PJM	ENTRY_LEVEL	$38,000 - $40,000 a year
b4178654cfc579bb	The General Society of Mechanics & Tradesmen	Construction Project Scheduling and Control Instructor	New York, NY 10036 (Midtown area)	PJM	ENTRY_LEVEL	$50 an hour
c8467813ea3478d6	Holtzman Home Improvement	Project Superintendent	Phoenix, AZ	PJM	ENTRY_LEVEL	$50,000 - $65,000 a year
e0364b9ce231a59e	FASTSIGNS #131701	Graphic Designer Project Management	Joppa, MD 21085	PJM	ENTRY_LEVEL	$30,000 a year
36face8e3dde1d22	Manhattan Associates	Software Implementation Consultant - Campus	Atlanta, GA	PJM	ENTRY_LEVEL	NA
644a85372b3ff36c	Madroit Marketing	Digital Marketing Project Manager	Remote in Cincinnati, OH	PJM	ENTRY_LEVEL	$20 - $45 an hour
e88572b44325bbe2	US Farm Service Agency	County Program Technician	Nashville, IL	PJM	ENTRY_LEVEL	$34,584 - $60,703 a year
823e6e71bc873be2	Gamewell Mechanical	Assistant Project Manager/Mechanical Engineer	Salisbury, NC	PJM	ENTRY_LEVEL	$30,000 - $60,000 a year
69aa68fe67473960	TrueNet Communications	Construction Planner I- Telecom	Sun Valley, ID 83353	PJM	ENTRY_LEVEL	NA
