66fd56c222f28911	Hyundai Motor America	Senior Manager, Product Planning	Hybrid remote in Fountain Valley, CA 92708	PM	MID_LEVEL	$103,600 - $148,000 a year
10c29ab4078df39c	Jobscan	Product Manager	Remote in Vancouver, WA	PM	MID_LEVEL	$140,000 - $160,000 a year
fc158c5bab064ec3	Optum	Sr. Product Manager - Remote	Remote in Eden Prairie, MN 55346	PM	MID_LEVEL	$101,200 - $184,000 a year
47eae04187bd7d7d	Chainlink Labs	Product Manager - CCIP (Consumer Interface)	Remote	PM	MID_LEVEL	NA
7eab83589db8b87b	Disney	Project Hire - Associate Product Design Manager – Toys	Glendale, CA	PM	MID_LEVEL	$92,800 - $124,400 a year
1495922cf4277490	Discord	Product Manager, Infra	Hybrid remote in San Francisco, CA 94107	PM	MID_LEVEL	NA
beeac6bc4567a9b4	DataRobot	Senior AI Data Product Manager	Boston, MA	PM	MID_LEVEL	NA
c30bbe1e4435d43a	CyberArk	Staff Product Manager	Santa Clara, CA	PM	MID_LEVEL	$130,000 - $200,000 a year
967ea6ca82ec5b25	OfferUp	Principal Product Manager, Search and Discovery (Bellevue/Hybrid)	Remote in Bellevue, WA	PM	MID_LEVEL	$180,000 - $205,000 a year
83f6d05725f68c36	GoFundMe	Staff Product Manager (Incubation)	Remote in San Diego, CA	PM	MID_LEVEL	NA
d7b7e41f4a21b26a	Mira	Product Manager Telehealth	Remote	PM	MID_LEVEL	NA
f2da29d355dae096	Kimberly-Clark	Product Manager, Commercial Analytics	Hybrid remote in Chicago, IL	PM	MID_LEVEL	NA
6346da3a9669ddc9	Bio-techne	Product Manager, Hematology	Minneapolis, MN 55413 (Southeast Como area)	PM	MID_LEVEL	$100,000 - $140,000 a year
92e83d10164655d0	WHOOP	Product Manager (Ecommerce)	Boston, MA	PM	MID_LEVEL	NA
0cc6d141caa860e1	Roblox	Senior Product Manager, Ads	San Mateo, CA 94401 (Downtown area)	PM	MID_LEVEL	$252,000 - $318,090 a year
c14fa715d49bb7c6	OfferUp	Principal Product Manager, Premium Services (Bellevue/Hybrid)	Remote in Bellevue, WA	PM	MID_LEVEL	$180,000 - $205,000 a year
fc4fd11be69a1a7d	The Church of Jesus Christ of Latter-day Saints	Full-time Tech Product Manager 3 - Temple Department	Salt Lake City, UT 84103 (Capitol Hill area)	PM	MID_LEVEL	NA
d622cb2409c409e4	Rockwell Automation	Technical Product Owner, Embedded Software	Hybrid remote in Mayfield Heights, OH	PM	MID_LEVEL	NA
9590d1302dd8f153	Kish Bank	Product and Services Manager	State College, PA 16803	PM	MID_LEVEL	Estimated $76.3K - $96.6K a year
1ea4548a391fd301	Klim	KLIM- Product Line Manager, Lifestyle	Hybrid remote in Rigby, ID 83442	PM	MID_LEVEL	Estimated $64.7K - $81.9K a year
db61c693dab6f2b6	Honeywell	Offering Manager	Alpharetta, GA 30004	PM	MID_LEVEL	NA
9aa09191048d7c57	Amazon.com Services LLC	Product Marketing Manager, WW Central Marketing, Amazon Business	Seattle, WA	PM	MID_LEVEL	Up to $125,100 a year
13be3971fbc4a770	Atkore	Product Manager	Merrillville, IN 46410	PM	MID_LEVEL	Estimated $74K - $93.6K a year
53b9fdbd4817ec2f	OmniMax International	Product Manager	Peachtree Corners, GA 30092	PM	MID_LEVEL	Estimated $93.5K - $118K a year
3d5ad79cfa9eaee4	NinjaOne, LLC	Senior Product Manager - SaaS IAM	Remote in Austin, TX	PM	MID_LEVEL	$120,000 - $220,000 a year
2f1d830d47f64eb2	Wells Fargo	Lead Product Manager	West Des Moines, IA 50265	PM	MID_LEVEL	NA
f85f30a761cc4c2c	Advanced Drainage Systems	Engineered Product Manager	Texas	PM	MID_LEVEL	NA
70f971be35ba3bf8	Wells Fargo	Product Owner - VOC Analytics NLP	Minneapolis, MN	PM	MID_LEVEL	NA
1d2c35cfd87602ed	Fossil Group	Product Manager CRM and Personalization	Richardson, TX	PM	MID_LEVEL	NA
4991b12f778c5892	Rockwell Automation	Technical Product Owner, Embedded Software	Hybrid remote in Mayfield Heights, OH 44124	PM	MID_LEVEL	NA
a871bee6f38ef4d1	Floor & Decor	Ecommerce Product Manager	Atlanta, GA 30339	PM	MID_LEVEL	NA
3ef7b0c2d6191d7e	Nielsen	VP, Product Management	Remote in Chicago, IL	PM	MID_LEVEL	NA
2c1daa28f5b8e63e	Wells Fargo	Product Owner - VOC Analytics NLP	Charlotte, NC	PM	MID_LEVEL	NA
11cb1ed3fc10980d	Bosch Group	Product Manager - Automotive Batteries (Hybrid)	Hybrid remote in Oakbrook Terrace, IL 60181	PM	MID_LEVEL	NA
90c7a04b3181533c	Lenovo	Product Marketing Manager	Morrisville, NC	PM	MID_LEVEL	Estimated $94.4K - $120K a year
410985abec188cfb	Bosch Group	Product Manager - Automotive Filtration (Hybrid)	Hybrid remote in Oakbrook Terrace, IL 60181	PM	MID_LEVEL	NA
0cfabc2309189e56	Integrated Research	Product Marketing Manager - Collaborate	Denver, CO	PM	MID_LEVEL	$120,000 - $130,000 a year
ad162d23fddd5561	Wells Fargo	Product Owner - VOC Analytics NLP	Shoreview, MN 55126	PM	MID_LEVEL	NA
224c8348af5d249c	Bosch Group	Product Manager - Brake Components (Hybrid)	Hybrid remote in Oakbrook Terrace, IL 60181	PM	MID_LEVEL	NA
adf9a9c5a19c2767	Cintas	Assistant Product Development Manager	Mason, OH 45040	PM	MID_LEVEL	Estimated $53.9K - $68.2K a year
ad1014de4ed50969	Pretium	Marketing Product Manager	St. Louis, MO 63132	PM	MID_LEVEL	NA
aded93704d887b8d	Suvoda	Product Marketing Manager	Remote in Conshohocken, PA	PM	MID_LEVEL	Estimated $105K - $133K a year
8b7bb31a2bec9752	Lakeshirts	Product Development Manager	Detroit Lakes, MN 56501	PM	MID_LEVEL	Estimated $69.2K - $87.6K a year
2b682338a6a4741b	Parkson Corporation	Product Manager - Water Wastewater Industry	Golden, CO 80403	PM	MID_LEVEL	NA
cf267acc3016b7c3	Atlantic Union Bank	Treasury Receipts Product Manager (Hybrid - Charlotte, Raleigh, Richmond, Reston)	Raleigh, NC 27605 (Hillsborough area)	PM	MID_LEVEL	$81,750 - $136,475 a year
