380f0470a34d94fd	Ford Motor Company	Static Sealing D&R Engineer	Dearborn, MI 48124	CAE	MID_LEVEL	Estimated $78.6K - $99.5K a year
d52e18761f71eae8	CIRCOR	Design Engineer Defense	Monroe, NC	CAE	MID_LEVEL	NA
23ae864ca900a28f	CIRCOR	Design Engineer Defense	Monroe, NC	CAE	MID_LEVEL	NA
d42eff3266c41a5b	Northstar Logix	CAE Engineer - Occupant Safety(CPT, OPT, H1B)	Hybrid remote in Irvine, CA 92618	CAE	MID_LEVEL	$70,778.70 - $80,711.98 a year
d2ca8ca174c3a450	Hexagon AB	Consulting Engineer III, Service	United States	CAE	MID_LEVEL	$84,302 a year
d92a35e0443c9ef2	Collins Aerospace	Principal Dynamics Engineer	Troy, OH 45373	CAE	MID_LEVEL	NA
f862edb939388830	Hexagon AB	Aerospace Application Engineer	Remote	CAE	MID_LEVEL	Estimated $104K - $132K a year
0998a98355564b86	Hexagon AB	Consulting Engineer III	Novi, MI	CAE	MID_LEVEL	$84,302 a year
79e6f6de042f5a1a	Plastic Omnium	Product Application Engineer	Troy, MI	CAE	MID_LEVEL	Estimated $77.7K - $98.4K a year
947422bd5c817c46	Ford Motor Company	EV Battery Structures & Enclosures D&R Engineer	Hybrid remote in Dearborn, MI 48124	CAE	MID_LEVEL	Estimated $86.1K - $109K a year
a7de3a43a8d1062a	Ryobi Die Casting (USA), Inc	Product Engineer	Shelbyville, IN 46176	CAE	MID_LEVEL	$65,000 - $100,000 a year
059eecca69ed4830	Plastic Omnium	Product Application Engineer	Troy, MI	CAE	MID_LEVEL	Estimated $77.7K - $98.4K a year
17e010f0b3537577	Advanced Structural Technologies	Maintenance Manufacturing Engineer	Oxnard, CA 93030	CAE	MID_LEVEL	$80,000 - $120,000 a year
bb6eab81157e343a	E-Space	NPI Manufacturing Engineer	Saratoga, CA	CAE	MID_LEVEL	$50,000 - $130,000 a year
4ace412ee8226b5e	Optimal Inc.	CAE Structural Engineer - Crash	Troy, MI 48098	CAE	MID_LEVEL	Estimated $93.5K - $118K a year
47214232ca3f78ff	Hyster-Yale Group (HYG)	Electrical Engineer	Greenville, NC	CAE	MID_LEVEL	Estimated $75.6K - $95.7K a year
e83be7b587c8703f	Generac Power Systems	Service Engineer II	Waukesha, WI 53188	CAE	MID_LEVEL	Estimated $60.7K - $76.9K a year
f2551ae38502de8c	Enser Corporation	Electronic Components engineer - Aerospace	Parsippany, NJ	CAE	MID_LEVEL	$100,000 - $130,000 a year
26294c46bed6bc93	Branex Group	Sr. Engineer	Detroit, MI	CAE	MID_LEVEL	$130,000 - $150,000 a year
1a131e44b4ffb3d2	Tata Technologies Europe	Test Engineer (Mechanical Life Test Engineer)	Detroit, MI	CAE	MID_LEVEL	Estimated $75.3K - $95.3K a year
bf06fee2d44930c6	Veenus Infotechs	Mechanical Engineer/Designer	Troy, MI	CAE	MID_LEVEL	$30 - $40 an hour
adec2560c0904d6c	REV Group	Mechanical Engineer	South Hutchinson, KS 67505	CAE	MID_LEVEL	Estimated $59.4K - $75.2K a year
4fce23ae72f3754c	Tata Technologies	Test Engineer (Mechanical Life Test Engineer)	Detroit, MI	CAE	MID_LEVEL	Estimated $75.3K - $95.3K a year
92f613e5d7d5fec3	Engineering Technology Associates, Inc.	Vehicle Dynamics Simulation Engineer	Hybrid remote in Lisle, IL 60532	CAE	MID_LEVEL	$90,000 - $115,000 a year
02b803a78a04ddb1	Lucid Motors	Technical Specialist, Durability CAE	Newark, CA 94560	CAE	MID_LEVEL	$138,000 - $198,000 a year
38b7c2e8af88aa5a	Lucid Motors	Sr. CAE Engineer, Durability	Newark, CA 94560	CAE	MID_LEVEL	Estimated $122K - $155K a year
208caac2018d4ed0	Ford Motor Company	Electrified Powertrain EVSE D&R Engineer	Hybrid remote in Dearborn, MI 48124	CAE	MID_LEVEL	Estimated $82.3K - $104K a year
8b91d92f6d80353a	NuLEAP LLC	CFD Engineer	Columbus, OH	CAE	MID_LEVEL	Estimated $83.9K - $106K a year
da7e581f6871aadd	I I Stanley Co., Inc.	Optics Engineer 1	Livonia, MI 48150	CAE	MID_LEVEL	Estimated $72.2K - $91.5K a year
d2e026bde582dda0	FCA	Powertrain Virtual Analysis Engineer	Auburn Hills, MI 48326	CAE	MID_LEVEL	Estimated $80K - $101K a year
15518a3f2a9a449e	Lucid Motors	Sr. Powertrain CAE Engineer, NVH	Newark, CA 94560	CAE	MID_LEVEL	Estimated $122K - $155K a year
85273dc7d3f338e1	Volvo Group	Associate Engineer - 1D X-Domain Analyst	Greensboro, NC	CAE	MID_LEVEL	Estimated $77.4K - $98K a year
d5a8c0484b8b2d02	Kimble Companies	Industrial Engineer	Dover, OH 44622	CAE	MID_LEVEL	Estimated $61.5K - $77.9K a year
0fe3b3e58e7fa92b	Volvo Group	Engineer - CFD Analyst	Greensboro, NC	CAE	MID_LEVEL	Estimated $86.2K - $109K a year
1ec3d816e6d6f8f1	Altair Engineering	CAD Design Engineer	Irvine, CA	CAE	MID_LEVEL	Estimated $101K - $128K a year
7aaa3427c07e4646	Altair Engineering	CAD Design Engineer	Irvine, CA	CAE	MID_LEVEL	Estimated $101K - $128K a year
edcd960b4c391196	F.tech R&D North America, Inc.	Design Engineer	Troy, OH 45373	CAE	MID_LEVEL	Estimated $77.4K - $98K a year
51fccff4591d8fc2	FTS Inc	Controls Engineer	Buffalo, NY 14211 (Schiller Park area)	CAE	MID_LEVEL	$90,000 - $115,000 a year
4e79c2870bf6adc6	Shape Corp	Product Development Engineer	Novi, MI 48377	CAE	MID_LEVEL	Estimated $76.7K - $97.1K a year
3f642b6d176413bf	Solvay	Customer Technical Development Engineer (Transportation)	Hybrid remote in Alpharetta, GA	CAE	MID_LEVEL	NA
731fc7ae68351eb0	Capgemini	Automotive Cooling System Design and Release Engineer	Auburn Hills, MI	CAE	MID_LEVEL	Estimated $96.1K - $122K a year
713d01ffd90af899	NuLEAP LLC	CAE Engineer	Columbus, OH	CAE	MID_LEVEL	Estimated $84.5K - $107K a year
04479db82b894bc0	Lucid Motors	Lead Engineer, Chassis Brakes Design	Newark, CA 94560	CAE	MID_LEVEL	$115,000 - $165,000 a year
da5904ff2ec339b4	Molex	Electrical Engineer, Signal Integrity	Lisle, IL 60532	CAE	MID_LEVEL	Estimated $79.7K - $101K a year
65b8435c88cffa0c	Belcan LLC	Automotive Mechanical CAD Design Engineer	Irvine, CA 92618 (Irvine Health and Science Complex area)	CAE	MID_LEVEL	$18.69 - $49.27 an hour
3172862e389e1754	Roush	Mechanical Engineer ll	Allen Park, MI 48101	CAE	MID_LEVEL	Estimated $76.2K - $96.4K a year
2c02cb73878cf454	M.C. Dean, Inc.	Control Systems Engineer 4	Tysons, VA	CAE	MID_LEVEL	Estimated $97.3K - $123K a year
92992bef421e2aca	Dana Incorporated	Lead Application Engineer	Maumee, OH 43537	CAE	MID_LEVEL	Estimated $86.7K - $110K a year
1cdcc3c9d54d0c0e	Cognizant Technology Solutions	Design Release Engineer - Accessories	Dearborn, MI 48120	CAE	MID_LEVEL	Estimated $102K - $129K a year
337ec4d1518864b5	Big Metal Additive	Mechanical Engineer	Denver, CO 80239 (Stapleton area)	CAE	MID_LEVEL	$70,000 - $110,000 a year
34535f89586b6644	FOX Factory, Inc.	Design Engineering Technician 2	Braselton, GA	CAE	MID_LEVEL	Estimated $50.5K - $63.9K a year
bcae88e7e1cdc8ba	Stellantis	Powertrain Virtual Analysis Engineer	Auburn Hills, MI 48326	CAE	MID_LEVEL	Estimated $80K - $101K a year
a79ea6786d8a02af	INTEL	EDA Research and Development (R&D) Engineer	Folsom, CA	CAE	MID_LEVEL	$139,480 - $209,760 a year
5777495725154b54	Systima Technologies	Composite Structures Material & Process Engineer III	Mukilteo, WA 98275	CAE	MID_LEVEL	$105,000 - $130,000 a year
5f015afe47f52382	Gamma Technologies	Product Engineer – User Experience	Hybrid remote in Westmont, IL	CAE	MID_LEVEL	NA
2f6b8df0a13cbd23	Navistar, Inc.	Engineer – Frames and Assemblies	Lisle, IL 60532	CAE	MID_LEVEL	Estimated $79.7K - $101K a year
8fdd9003aeaaa401	Stellant Systems	RF Engineer	Melville, NY 11747	CAE	MID_LEVEL	$90,000 - $125,000 a year
d1586cac4bd94671	Sanden International (U.S.A.), Inc.	Resident Engineer	Plymouth, MI 48170	CAE	MID_LEVEL	Estimated $83.7K - $106K a year
9cb059e80970d49c	Goken America	CAE Engineer II - CAE Methods Development	Hybrid remote in Raymond, OH	CAE	MID_LEVEL	Estimated $85K - $108K a year
5e9a4e71f295af3a	Alten Technology USA	Design Engineer (Catia V5/V6) (Automotive)	Raymond, OH 43067	CAE	MID_LEVEL	Estimated $90.4K - $114K a year
3c73f97a35f255b9	Motherson SAS	Controls Engineer	Newark, CA 94560	CAE	MID_LEVEL	Estimated $105K - $132K a year
2f2eedce77ced57a	Parsons	Mechanical Engineer	Meridian, ID	CAE	MID_LEVEL	$68,400 - $142,600 a year
a092d6c49aa926ed	InDepth Engineering Solutions, LLC	Chassis CAD Design Engineer	Irvine, CA	CAE	MID_LEVEL	$98,000 a year
58ee9652109cd980	Brunswick Corporation	Brunswick Boat Group Technology Center - Mechanical Development Engineer II	Edgewater, FL	CAE	MID_LEVEL	NA
cdb020c16e6e44c1	E-Space	Staff Satellite Electro-Mechanical Engineer	Saratoga, CA	CAE	MID_LEVEL	$50,000 - $180,000 a year
6d14e7d35a711c46	Ansys	Team Lead Application Engineering	Canonsburg, PA 15317	CAE	MID_LEVEL	Estimated $99.8K - $126K a year
97205d895d460fd7	Systima Technologies	Composite Structures Design Engineer II	Mukilteo, WA 98275	CAE	MID_LEVEL	$95,000 - $114,000 a year
7337db763e1d8c19	Altair Engineering	CAE Engineer L2	Raymond, OH	CAE	MID_LEVEL	Estimated $99.4K - $126K a year
0d6cda90e9320a61	Altair Engineering	CAE Engineer L2	Raymond, OH	CAE	MID_LEVEL	Estimated $99.4K - $126K a year
791e2af53482cc5b	American Battery Solutions	Senior Mechanical Engineer	Lake Orion, MI 48359	CAE	MID_LEVEL	Estimated $96.1K - $122K a year
80d05fb5aafb1bd6	Ryobi Die Casting (USA), Inc.	Lead Engineer, Die Cast	Shelbyville, IN 46176	CAE	MID_LEVEL	Estimated $79.1K - $100K a year
f1753fc7f778d9b9	Parsons	Electrical Engineering Design Manager - Virtual	New York, NY	CAE	MID_LEVEL	$121,900 - $219,400 a year
f1fecd8c2494a8e7	INTEL	EDA Research and Development (R&D) Engineer	Santa Clara, CA	CAE	MID_LEVEL	$139,480 - $209,760 a year
4904f06c0c6c87b6	A. O. Smith Corporation	Manufacturing Engineer - Process	Ashland City, TN 53224 (Calumet Farms area)	CAE	MID_LEVEL	Estimated $79.6K - $101K a year
0c72ff03bbbd0394	LG Chem	Product Design Engineer - LG Chem - Ravenna, OH	Detroit, MI 48226 (Downtown area)	CAE	MID_LEVEL	Estimated $89.1K - $113K a year
1cfe978c356b4d02	Rivian	Staff Mechanical Design Engineer - Seats	Irvine, CA 92606	CAE	MID_LEVEL	Estimated $153K - $194K a year
8c7185c134ad9317	Rivian	Staff Mechanical Design Engineer - Seats	Irvine, CA 92606	CAE	MID_LEVEL	Estimated $153K - $194K a year
e27376b64b9f3e2d	Dana Incorporated	Transmission Design Engineer	Novi, MI 48377	CAE	MID_LEVEL	Estimated $74.1K - $93.8K a year
c7d21dc0c47f918b	INTEL	EDA Research and Development (R&D) Engineer	Hillsboro, OR	CAE	MID_LEVEL	$139,480 - $209,760 a year
a7c8bdcbc6463eac	CAE	Project Engineer	Tampa, FL 33634	CAE	MID_LEVEL	Estimated $84K - $106K a year
2f5c8d7385e8ce93	Quest Defense Systems & Solutions, Inc.	Mechanical Design Engineer	Cincinnati, OH	CAE	MID_LEVEL	Estimated $67.1K - $85K a year
2c7fc6be1579fc3b	INTEL	EDA Research and Development (R&D) Engineer	Austin, TX	CAE	MID_LEVEL	$139,480 - $209,760 a year
6c11386c640d03a8	Alten Technology USA	CAE Methods Engineer (Automotive)	Raymond, OH 43067	CAE	MID_LEVEL	Estimated $93.4K - $118K a year
cdded88cfe9217bc	FORTUNE PERSONNEL CONSULTANTS	Senior Battery Electrical Engineer	Lake Orion, MI	CAE	MID_LEVEL	Estimated $101K - $128K a year
2d3575f729ab0f60	Hazelett Corporation	Electro-Mechanical Engineer	Colchester, VT 05446	CAE	MID_LEVEL	Estimated $60.1K - $76.1K a year
2683a1ed551b1323	Alten Technology USA	System Engineer (Automotive)	Raymond, OH 43067	CAE	MID_LEVEL	Estimated $98.4K - $125K a year
e76d8fb1aadab6f8	Veenus Infotechs	Mechanical Engineer	Dublin, OH	CAE	MID_LEVEL	$30 - $40 an hour
c2f1830afe58a474	LG Chem	Product Design Engineer - LG Chem - Ravenna, OH	Ravenna, OH 44266	CAE	MID_LEVEL	Estimated $90.8K - $115K a year
7188d28a1d66f731	Alten Technology USA	Electrical Engineer (Automotive)	Raymond, OH 43067	CAE	MID_LEVEL	Estimated $94.5K - $120K a year
4b8615a02cbaf1af	LG Chem	Product Design Engineer - LG Chem - Ravenna, OH	Akron, OH 44306 (East Akron area)	CAE	MID_LEVEL	Estimated $90.8K - $115K a year
b1b0d26ad3124170	Veenus Infotechs	Mechanical Engineer	Southfield, MI	CAE	MID_LEVEL	$30 - $40 an hour
7f4e074b95353de9	Sigma Technologies	Associate Project Engineer - Power Distribution Design	Remote in Ohio	CAE	MID_LEVEL	Estimated $57.1K - $72.3K a year
5a1d12e11d588704	General Motors	Motorsports Metrology Engineer	Concord, NC	CAE	MID_LEVEL	Estimated $79.6K - $101K a year
5ed081445f632ec3	Gestamp	CAE ENGINEER	United States	CAE	MID_LEVEL	Estimated $78.3K - $99.1K a year
d17025060f992442	Ford Motor Company	HV Battery Core Adhesives Engineer	Hybrid remote in Dearborn, MI 48124	CAE	MID_LEVEL	Estimated $87.8K - $111K a year
b05fe44995157466	E-Space	Mechanical Engineer	Saratoga, CA	CAE	MID_LEVEL	$65,000 - $175,000 a year
45cd421f90bd7bb3	Pierburg US LLC	CAE Engineer - Finite Elemental Analysis (FEA)	Auburn Hills, MI	CAE	MID_LEVEL	Estimated $81.2K - $103K a year
27a8a2953a846037	Parsons	Roadway Engineer	Raleigh, NC	CAE	MID_LEVEL	$68,400 - $119,700 a year
02d0c751c065f3b9	Foxconn-PCE Technology	Product Engineer	Lordstown, OH	CAE	MID_LEVEL	Estimated $69.4K - $87.9K a year
f5f53faa85dcc3f2	TE Connectivity	MFG & PROCESS DVL ENGINEER II	Katy, TX 77493	CAE	MID_LEVEL	$78,560 - $117,840 a year
9b7ab7a85fdb56f0	Ford Motor Company	HV Battery Cell Vent Management (CVM) Design and Release Engineer	Hybrid remote in Dearborn, MI 48124	CAE	MID_LEVEL	Estimated $108K - $137K a year
2b33dfe67f67b9d9	Apple	Camera Mechanical Engineer - FEA	Cupertino, CA	CAE	MID_LEVEL	NA
03f56921fd833ec8	SCALABLE Network Technologies	R&D Mixed Signal/RF Design Engineer	Santa Rosa, CA	CAE	MID_LEVEL	$117,750 - $196,250 a year
2ac75996c48b22bc	Parsons	Drainage Engineer	Raleigh, NC	CAE	MID_LEVEL	$59,300 - $103,800 a year
3f4827c1962ca44c	Keysight Technologies, Inc.	R&D Mixed Signal/RF Design Engineer	Santa Rosa, CA 95403	CAE	MID_LEVEL	$117,750 - $196,250 a year
788ae9ab2b5a9448	AO Smith	Project Engineer-Product Development	Lebanon, TN 37090	CAE	MID_LEVEL	Estimated $77.9K - $98.7K a year
790392d3f84fc508	Sanhua International	Design Engineer - Automotive Scroll Compressor	Auburn Hills, MI	CAE	MID_LEVEL	Estimated $79.1K - $100K a year
f1b4d53b8c309637	American Battery Solutions	Electrical Battery Engineer	Lake Orion, MI 48359	CAE	MID_LEVEL	Estimated $82.1K - $104K a year
137f75eec1f84b5c	Carlex	CAD Tooling & Product Design Engineer	Troy, MI 48083	CAE	MID_LEVEL	Estimated $68.6K - $86.9K a year
2b56f8919d5db329	Eaton	Lead Aerospace Engineer - NPD	Los Angeles, CA	CAE	MID_LEVEL	$88,499.97 - $129,799.96 a year
6f39e90f2b53cfa0	Navistar, Inc.	Product Engineer- Cooling Systems	Lisle, IL 60532	CAE	MID_LEVEL	Estimated $91.6K - $116K a year
49ae1db7efa6432e	Gestamp	PRODUCT DESIGN ENGINEER	United States	CAE	MID_LEVEL	Estimated $64.6K - $81.8K a year
09f627781a38d642	Alutiiq	Electrical Engineer	San Diego, CA 92106	CAE	MID_LEVEL	Estimated $104K - $131K a year
15b68695c9e419e2	Carlex	CAD Tooling & Product Design Engineer	Troy, MI 48083	CAE	MID_LEVEL	Estimated $68.6K - $86.9K a year
06c259bb7addd267	Quadrus Corporation	Mechanical Engineer / Principal Mechanical Engineer – Mechanical Design	Roy, UT 84067	CAE	MID_LEVEL	Estimated $113K - $143K a year
9c6f4fe7761c9687	Alten Technology USA	Design Release Engineer - Closures (Automotive)	Auburn Hills, MI	CAE	MID_LEVEL	Estimated $97.8K - $124K a year
5fafa1f5f9f3a858	American Battery Solutions	Senior Battery Electrical Engineer	Lake Orion, MI 48359	CAE	MID_LEVEL	Estimated $91.8K - $116K a year
7a818210e1099cd5	HCLTech	CAE Engineer	Raymond, OH	CAE	MID_LEVEL	$40 - $50 an hour
b9f4c567e6afd0cd	Honda Development and Manufacturing of America,...	CAE Engineer III - Body and NV Performance	Ohio	CAE	MID_LEVEL	Estimated $83.8K - $106K a year
1d121266d0fcc9fe	Stefanini, Inc	Simulation & Analysis Engineer	Greensboro, NC	CAE	MID_LEVEL	$49.50 - $51.50 an hour
b33463d499e9121e	Rimkus Consulting Group	Mechanical Engineer - Vehicle Accident Reconstruction - PE Required	Orlando, FL	CAE	MID_LEVEL	$100,000 - $110,000 a year
4c873fd98dc85737	Ford Motor Company	High Voltage Battery Mechanical Systems Engineer	Dearborn, MI 48124	CAE	MID_LEVEL	Estimated $80K - $101K a year
c24a26df5e3116c9	Tethrd	Mechanical Engineer	Columbia, TN 38401	CAE	MID_LEVEL	$53,986 - $62,719 a year
e492ff94f3d57469	Industrial Innovations Inc.	Mechanical Engineer	Grandville, MI 49418	CAE	MID_LEVEL	$85,000 - $110,000 a year
e60f5f6c8a59878d	Tesla	Sr. Mechanical Design Engineer, Thermal, New Programs Engineering	Hawthorne, CA (North Hawthorne area)	CAE	MID_LEVEL	Estimated $113K - $143K a year
5fa261bcd352b43b	Northrop Grumman	Structural Analysis Engineer 2 - Multi-Body Dynamics (MBD) / Principal Structural Analysis Engineer 3- Multi-Body Dynamics (MBD)	Dulles, VA	CAE	MID_LEVEL	$85,000 - $127,400 a year
306a22ee6364b338	Crane Co.	Quality Engineer I	West Caldwell, NJ	CAE	MID_LEVEL	Estimated $76.4K - $96.7K a year
dba3c28e67b22a0a	Crane Aerospace & Electronics	Quality Engineer I	West Caldwell, NJ	CAE	MID_LEVEL	Estimated $65.8K - $83.3K a year
68fe6d7c8ef4acc7	Quest Defense Systems & Solutions, Inc.	Structures FEA Analysis Engineer	East Hartford, CT	CAE	MID_LEVEL	Estimated $81.1K - $103K a year
24d9b0bc3cb4a059	CAE	Quality Engineer	Broken Arrow, OK 74012	CAE	MID_LEVEL	Estimated $89.2K - $113K a year
e7ab36df5a2e9939	Parsons	Roadway Engineer	Minneapolis, MN	CAE	MID_LEVEL	$59,300 - $119,700 a year
c94094bbe4fe89ef	Quest Defense Systems & Solutions, Inc.	Structures FEA Analysis Engineer	East Hartford, CT	CAE	MID_LEVEL	Estimated $81.1K - $103K a year
1696f1e17231d377	E-Space	Satellite AIT Engineer	Saratoga, CA	CAE	MID_LEVEL	$100,000 - $150,000 a year
6f8cf746a4cb1d59	F.tech R&D North America, Inc.	CAE Engineer	Troy, OH 45373	CAE	MID_LEVEL	Estimated $76.5K - $96.9K a year
b825c71704f07d25	Tesla	Manufacturing Engineer, Laser Welder	Austin, TX	CAE	MID_LEVEL	Estimated $91.2K - $115K a year
07ac2efdb57fa1e2	Hanon Systems	CAE Engineer	Novi, MI 48377	CAE	MID_LEVEL	Estimated $96.7K - $122K a year
52c20f19b67a7963	Tesla	Mechanical Design Engineer, Vehicle Body Architecture, New Programs Engineering	Hawthorne, CA (North Hawthorne area)	CAE	MID_LEVEL	Estimated $98.7K - $125K a year
285036c7d7ff8c43	Bose	Mechanical Engineer - Rapid Prototyping	Framingham, MA	CAE	MID_LEVEL	Estimated $75.2K - $95.3K a year
d64092766ad952be	Ford Motor Company	Product Development Calibration Engineer	Hybrid remote in Livonia, MI 48150	CAE	MID_LEVEL	Estimated $89.1K - $113K a year
fd9d89c5319df153	IMI	Manufacturing Engineer	Farmington, CT 06032	CAE	MID_LEVEL	Estimated $76.1K - $96.4K a year
7ad178e8213dd5d9	Rivian	Sr. Propulsion System Simulation and Optimization Engineer	Carson, CA 90746	CAE	MID_LEVEL	Estimated $120K - $152K a year
92ac51f124b175b5	Tesla	Sr. Mechanical Design Engineer, Chassis Architecture, New Programs Engineer	Hawthorne, CA (North Hawthorne area)	CAE	MID_LEVEL	Estimated $111K - $141K a year
beb731eade1db82c	Tesla	Sr. Mechanical Design Engineer, Battery Architecture, New Programs Engineering	Hawthorne, CA (North Hawthorne area)	CAE	MID_LEVEL	Estimated $123K - $156K a year
5e0f71e994ccb0ad	Crane Aerospace & Electronics	Electrical Engineer	Burbank, CA 91504	CAE	MID_LEVEL	$119,204 - $142,313 a year
bf071bc96dbea2e9	Simu Tech Group	FEA Engineer (Rochester, NY or Toronto, Canada)	Rochester, NY 14623	CAE	MID_LEVEL	$60,000 - $90,000 a year
c136e3aa398f32d0	M.C. Dean, Inc.	Control Engineer 4	Tysons, VA	CAE	MID_LEVEL	Estimated $106K - $134K a year
74ebfcac7dbf731a	Crane Co.	Electrical Engineer	Burbank, CA 91504	CAE	MID_LEVEL	$119,204 - $142,313 a year
15def1394976506b	Altair Engineering	CFD Engineer	Raymond, OH	CAE	MID_LEVEL	Estimated $97.3K - $123K a year
c84df27efa46823d	Parsons	Electrical Engineer	Greenbelt, MD	CAE	MID_LEVEL	$59,300 - $103,800 a year
2b83dd57647c7b7f	Goken America	CAE Engineer II - Vehicle Aerodynamics and Thermal Simulation (CFD)	Hybrid remote in Raymond, OH	CAE	MID_LEVEL	Estimated $87.8K - $111K a year
cee45e0558ccc899	Navistar, Inc.	Project Engineer-Frames and Assemblies	Lisle, IL 60532	CAE	MID_LEVEL	Estimated $107K - $136K a year
93936862d93793a9	Lucid Motors	Brakes Engineer, Chassis	Newark, CA 94560	CAE	MID_LEVEL	Estimated $106K - $135K a year
63c14c30ca12f740	Rivian	Staff NVH Engineer	Irvine, CA 92606	CAE	MID_LEVEL	Estimated $126K - $160K a year
9f0b3042ffb2025b	Stryker	Staff Mechanical Engineer, R&D	Memphis, TN	CAE	MID_LEVEL	Estimated $86.6K - $110K a year
51453fa1964fae0a	Nexen Tire America Technical Center	Vehicle Dynamics Engineer	Richfield, OH 44286	CAE	MID_LEVEL	$80,000 - $130,000 a year
57cdd819a7592bb9	Goken America	Test Engineer II - Body/Chassis Strength and Durability	Raymond, OH	CAE	MID_LEVEL	Estimated $79.5K - $101K a year
0fa76cfed412ab93	OTTO Engineering	Associate Project Engineer	Carpentersville, IL	CAE	MID_LEVEL	Estimated $59.8K - $75.7K a year
b730f8255878bd2d	Fluence Energy	Battery Module Mechanical Engineer	Houston, TX	CAE	MID_LEVEL	$96,000 - $144,000 a year
08243a82e43057cd	Radius Packaging	Product Design Engineer	New Berlin, WI 53151 (New Berlin Industrial Park area)	CAE	MID_LEVEL	Estimated $71.4K - $90.4K a year
71ba2d0afe1ef3fd	Stryker	Staff Mechanical Design Engineer, R&D - NPD	Portage, MI	CAE	MID_LEVEL	Estimated $90.5K - $115K a year
be2841dcde8428f5	Joby Aviation	Mechanical Engineer - FEA	San Carlos, CA 94070	CAE	MID_LEVEL	$98,200 - $164,600 a year
4c2c8ab4cf10ea55	Eaton	Co-Op: Engineering - Southfield, MI/Carol Stream	Carol Stream, IL	CAE	MID_LEVEL	$19.38 - $25.96 an hour
ef65319855d337c8	Tesla	Mechanical Design Engineer, Closures Architect	Hawthorne, CA (North Hawthorne area)	CAE	MID_LEVEL	Estimated $100K - $127K a year
f4e456eebe268748	Masonite	Product Engineer	Colfax, NC	CAE	MID_LEVEL	NA
7490447caffb604b	Rivian	Sr. Mechanical Design Engineer - Seat Complete	Irvine, CA 92606	CAE	MID_LEVEL	Estimated $127K - $160K a year
00c6113b0f88ff4a	Quest Defense	Mechanical Design Engineer	Cincinnati, OH	CAE	MID_LEVEL	$65,000 - $75,000 a year
a99b2805088db663	Generac Power Systems	Senior Mechanical Engineer VA/VE	Waukesha, WI 53188	CAE	MID_LEVEL	Estimated $82.2K - $104K a year
a4efed439b241c97	Eaton	Co-Op: Engineering - Southfield, MI/Carol Stream	Canton, MI	CAE	MID_LEVEL	$19.38 - $25.96 an hour
ad37b850335d0816	Eaton	Co-Op: Engineering - Southfield, MI/Carol Stream	Southfield, MI 48076	CAE	MID_LEVEL	$19.38 - $25.96 an hour
0d89ec80a8c06d2f	Doosan Bobcat NA US	Simulation Engineer (Level DOE)	Bismarck, ND 58504	CAE	MID_LEVEL	Estimated $63.6K - $80.5K a year
279e445f827db677	Altair Engineering	CAE NVH engineer	Troy, MI 48083	CAE	MID_LEVEL	Estimated $80.3K - $102K a year
2b18a51e70d641a5	Altair Engineering	CAE NVH engineer	Troy, MI 48083	CAE	MID_LEVEL	Estimated $80.3K - $102K a year
943906d4022e579d	Fimco Industries	Engineer	N Sioux City, SD 57049	CAE	MID_LEVEL	NA
259d89a21ad236a7	Crane Co.	Test Engineer III	Burbank, CA 91504	CAE	MID_LEVEL	$112,611 - $128,918 a year
9e0466f566ce78ef	Kinetico Incorporated	Manufacturing Engineer	Newbury, OH 44065	CAE	MID_LEVEL	Estimated $75K - $94.9K a year
f092cdbfb63722e2	Ford Motor Company	eDrive Power Electronics Engineer	Dearborn, MI 48124	CAE	MID_LEVEL	Estimated $102K - $129K a year
4855a95565e76ad6	Crane Aerospace & Electronics	Test Engineer III	Burbank, CA 91504	CAE	MID_LEVEL	$112,611 - $128,918 a year
2abb76d3e07b498d	I I Stanley Co., Inc.	Electronics Engineer II	Livonia, MI 48150	CAE	MID_LEVEL	Estimated $74.6K - $94.4K a year
eec7ca0f1efcb129	Stryker	Staff Mechanical Engineer, R&D - Sustaining	Portage, MI	CAE	MID_LEVEL	Estimated $115K - $146K a year
a1b1059e590b905c	University of Alabama at Birmingham	RESEARCH ENGINEER III	Birmingham, AL	CAE	MID_LEVEL	NA
05ce03d132f7a42c	Northrop Grumman	Aeronautical Engineer (Computational Fluid Dynamics) OR Principal Aeronautical Engineer (Computational Fluid Dynamics)	Clearfield, UT	CAE	MID_LEVEL	$73,400 - $110,000 a year
dfdaebb42ab197c4	CIM- Tech Engineering and Supply	Mechanical Engineer	Valparaiso, IN 46385	CAE	MID_LEVEL	$75,000 - $130,000 a year
9bb0dcc99a7890ec	Wood-Mizer Products	DESIGN ENGINEER	Hybrid remote in Indianapolis, IN 46214	CAE	MID_LEVEL	$65,000 - $80,000 a year
94b84a33c100f795	Fermilab	Target Systems Department Projects Staff Engineer	Batavia, IL 60510	CAE	MID_LEVEL	Estimated $83K - $105K a year
6c2ae0ac149c0af9	FORTUNE PERSONNEL CONSULTANTS	Senior Battery Electrical Engineer	Lake Orion, MI	CAE	MID_LEVEL	Estimated $97.2K - $123K a year
8842b80f5ff9e0da	Amcor	Sr. Engineer Advanced Engineering - HYBRID	Hybrid remote in Manchester, MI 48158	CAE	MID_LEVEL	NA
1a41bfbdea965a4a	Tesla	Mechanical Engineer, Packaging	Austin, TX	CAE	MID_LEVEL	Estimated $96.5K - $122K a year
434b993b3e3a4c2a	Nikola Corporation	Welding and Metallurgy Lead Engineer	Phoenix, AZ 85040 (South Mountain area)	CAE	MID_LEVEL	Estimated $89.4K - $113K a year
9e292c0d91722e6b	HSM Solutions	Foam Applications Engineer	Huntersville, NC 28078	CAE	MID_LEVEL	$90,000 - $100,000 a year
fbef078d79f8a5ee	Honda Development and Manufacturing of America,...	Mechanical Design Engineer	Marysville, OH	CAE	MID_LEVEL	Estimated $88.3K - $112K a year
36d116e8357374eb	EDAG Inc	CAE Durability/NVH Engineer	Troy, MI 48083	CAE	MID_LEVEL	Estimated $69K - $87.4K a year
9970f27dadb084dc	ALTEN Technology USA	Body CAE Engineer	Raymond, OH 43067	CAE	MID_LEVEL	Estimated $65.1K - $82.4K a year
14a0f6cdf13ab998	Maxar Technologies	Remote Ground Stations Infrastructure Engineer	Remote in Westminster, CO	CAE	MID_LEVEL	$66,000 - $110,000 a year
aa67f51a2d693607	Crane Aerospace & Electronics	Mechanical Engineer I	Elyria, OH	CAE	MID_LEVEL	Estimated $73.3K - $92.8K a year
73a88eaec84c0507	Crane Co.	Mechanical Engineer I	Elyria, OH	CAE	MID_LEVEL	Estimated $72.1K - $91.2K a year
91315a0ff665283e	PharmEng Technology Americas	Manufacturing Engineer	Aguadilla, PR 00603	CAE	MID_LEVEL	Estimated $64.3K - $81.4K a year
d2a361628895a40c	Rimkus Consulting Group	Vehicle Accident Reconstructionist - Mechanical Engineer (PE Required)	Remote in Fort Myers, FL	CAE	MID_LEVEL	Estimated $93.2K - $118K a year
31fcd3bc6c34a603	Intent Design	CAD Design Engineer	California	CAE	MID_LEVEL	Estimated $87K - $110K a year
eab2dbffea55cdd3	AG Growth International Inc.	Product Engineer	Naperville, IL 60563	CAE	MID_LEVEL	Estimated $75.1K - $95.1K a year
45a52a3a1a8b47be	ispace, inc.	Structural Dynamics Engineer	Hybrid remote in Englewood, CO	CAE	MID_LEVEL	From $110,000 a year
3af9232b9235979f	Waltonen	Power System Design Engineer	Hybrid remote in Sterling Heights, MI	CAE	MID_LEVEL	Estimated $94.7K - $120K a year
72090cae671be0e3	LG Chem	Product Design Engineer	Akron, OH	CAE	MID_LEVEL	Estimated $73.2K - $92.6K a year
f656dbacb5ba0455	Blue Bird Corporation	Mechanical Design Engineer	Fort Valley, GA 31030	CAE	MID_LEVEL	Estimated $77.6K - $98.3K a year
233dbf4e3006af92	ORBIT Advanced Technologies Inc	Mechanical Engineer	Warminster, PA 18974	CAE	MID_LEVEL	Estimated $84.7K - $107K a year
482a2fdd28775ffa	INNIO	Senior Engineer - Mechanical Simulation	Waukesha, WI	CAE	MID_LEVEL	Estimated $92.3K - $117K a year
a77f046daa2b1b18	Northrop Grumman	Structural Analysis Engineer	Clearfield, UT	CAE	MID_LEVEL	$73,400 - $110,000 a year
a264190e0a0884f8	Stryker	Staff Mechanical Engineer, R&D - NPD	Portage, MI	CAE	MID_LEVEL	Estimated $88.6K - $112K a year
1ac403089c15ea38	Blue Bird Body Company	Mechanical Design Engineer	Fort Valley, GA 31030	CAE	MID_LEVEL	Estimated $73.3K - $92.8K a year
2e5f93f6805aaa1c	IAC Group	Process Engineer	Mendon, MI 49072	CAE	MID_LEVEL	Estimated $74.4K - $94.2K a year
533497a53d083ece	Crane Co.	Mechanical Engineer III	Lynnwood, WA 98037 (Martha Lake area)	CAE	MID_LEVEL	$116,600 - $140,600 a year
598c417be1196c54	Crane Aerospace & Electronics	Mechanical Engineer III	Lynnwood, WA 98037 (Martha Lake area)	CAE	MID_LEVEL	$116,600 - $140,600 a year
5e31bf51549a5ed0	Crane Aerospace & Electronics	Manufacturing Engineer	Elyria, OH	CAE	MID_LEVEL	Estimated $85.7K - $109K a year
f6514865469b2fdd	RIMK	Mechanical Engineer - Vehicle Accident Reconstruction - Fort Myers, FL	Remote in Fort Myers, FL 33905	CAE	MID_LEVEL	Estimated $107K - $136K a year
d02b7c9397c10475	Crane Co.	Manufacturing Engineer	Elyria, OH	CAE	MID_LEVEL	Estimated $82.6K - $105K a year
cb6afc75fdcab63f	Magna International Inc.	Powertrain Engineer	Troy, MI 48083	CAE	MID_LEVEL	Estimated $70.3K - $89K a year
938a31bf312e9009	Prefix Corporation	Engineer II	Rochester Hills, MI 48307	CAE	MID_LEVEL	Estimated $66K - $83.6K a year
92bc5c4d01a9ad25	NEOEx Systems, Inc.	Mechanical Engineer	Elyria, OH	CAE	MID_LEVEL	$70,000 - $90,000 a year
9cb25218bcb37f52	Spirit AeroSystems	Defense - Advanced Product Research & Technology – Composite Engineer 3	Wichita, KS 67235	CAE	MID_LEVEL	NA
0be0018346a0c228	General Motors	Design Release Engineer - Energy Conversion Systems (ECS)	Warren, MI	CAE	MID_LEVEL	Estimated $95.7K - $121K a year
203abdb1a8b69602	Segula Technologies	Simulation & Analysis Engineer	Greensboro, NC	CAE	MID_LEVEL	Estimated $94.6K - $120K a year
c78c647607e6847d	Kearfott Corporation	Electrical Components Engineer	Pine Brook, NJ	CAE	MID_LEVEL	Estimated $97K - $123K a year
51a6021264c6a486	Nissha Medical Technologies	Principal Design Engineer	Wolcott, CT	CAE	MID_LEVEL	$100,000 - $115,000 a year
5e4e04fa0bef1056	General Motors	Design Release Engineer - Energy Conversion Systems (ECS)	Warren, MI	CAE	MID_LEVEL	Estimated $107K - $136K a year
190ca05368be2a3d	Plastic Omnium	Product Application Engineer	Troy, MI	CAE	MID_LEVEL	Estimated $77.7K - $98.4K a year
ad08f621c33421ee	HII	ENGINEER SYSTEMS 3	Newport News, VA	CAE	MID_LEVEL	Estimated $103K - $130K a year
8e39fc8dac70aa8d	HII	ENGINEER SYSTEMS 3	Newport News, VA	CAE	MID_LEVEL	NA
c3e68fe7dcfc125c	FORTUNE PERSONNEL CONSULTANTS	Senior Mechanical Engineer	Lake Orion, MI	CAE	MID_LEVEL	Estimated $97.8K - $124K a year
100c9b4439e36da9	Tesla	Process Modeling Engineer, Cathode Materials Manufacturing	Austin, TX	CAE	MID_LEVEL	Estimated $98K - $124K a year
25669801ae54989b	Quest Defense Systems & Solutions, Inc.	Structure and Design Consulting Engineer	Remote	CAE	MID_LEVEL	Estimated $83.1K - $105K a year
4ae1627e549337c0	General Motors	Battery Cell DRE	Warren, MI	CAE	MID_LEVEL	Estimated $92.8K - $117K a year
9bf332f5bb8444b3	AR Val services	Staff Engineer	Fremont, CA 94536 (Niles area)	CAE	MID_LEVEL	$68 an hour
5910ec12256d53fe	Capgemini	Automotive Cooling System Design and Release Engineer	Auburn Hills, MI	CAE	MID_LEVEL	Estimated $101K - $127K a year
18cf539b3e1c5b5b	CAE	Field Engineer	Arlington, TX 76011 (East area)	CAE	MID_LEVEL	Estimated $95K - $120K a year
e1ef3197c03bf9c2	M.C. Dean, Inc.	Control Engineer 3	Tysons, VA	CAE	MID_LEVEL	Estimated $103K - $130K a year
9e9cc6fbbb946f26	Nevada Automotive Test Center	Automotive Engineer Senior	Silver Springs, NV 89429	CAE	MID_LEVEL	$78,000 - $82,000 a year
5beabbdab7678bd6	Muhr und Bender KG	Design Engineer	Auburn Hills, MI	CAE	MID_LEVEL	Estimated $78.5K - $99.4K a year
c0e4e78640936f3d	Mubea	Design Engineer	Auburn Hills, MI 48326	CAE	MID_LEVEL	Estimated $76.7K - $97.2K a year
52912e353d42bcba	Quest Defense Systems & Solutions, Inc.	Mechanical Design Engineer-Secret Clearance	East Hartford, CT	CAE	MID_LEVEL	Estimated $74.5K - $94.3K a year
dadb6256bcbbde60	Rimkus	Mechanical Engineer VAR - USA	Hybrid remote in Houston, TX 77079	CAE	MID_LEVEL	Estimated $76.3K - $96.6K a year
d9b99085029d79e7	SAA consulting US	Closures Design Release Engineer	Irvine, CA 92606	CAE	MID_LEVEL	Estimated $106K - $134K a year
d3059520340b8d00	PharmEng Technology Americas	Manufacturing Engineer	Añasco, PR 00610	CAE	MID_LEVEL	Estimated $64.3K - $81.4K a year
8711f2272b244c16	Quest Defense Systems & Solutions, Inc.	Structures FEA Analysis Engineer-Secret Clearance	West Palm Beach, FL	CAE	MID_LEVEL	Estimated $79.7K - $101K a year
93432bbb07a9eec1	Eaton	New Product Development Engineer	Waukesha, WI	CAE	MID_LEVEL	$77,249.97 - $113,299.96 a year
ae6d2d260a6cc7da	Goken America	Design Release Engineer - Interior Plastics	Hybrid remote in Raymond, OH	CAE	MID_LEVEL	Estimated $77.9K - $98.7K a year
c532fd8655c0382a	Lucid Motors	Test Engineer, Restraint Systems	Casa Grande, AZ	CAE	MID_LEVEL	Estimated $86.9K - $110K a year
d4ddcae57e44be6f	Gamma Technologies	Simulation Solutions Consultant	Westmont, IL	CAE	MID_LEVEL	Estimated $82.4K - $104K a year
55cebd1527fddae5	Crane Aerospace & Electronics	Electrical Engineer- Motor Control	Elyria, OH	CAE	MID_LEVEL	Estimated $80.5K - $102K a year
fabcd75d5bf4e04a	Crane Co.	Electrical Engineer- Motor Control	Elyria, OH	CAE	MID_LEVEL	Estimated $82.3K - $104K a year
0bf252c4dc822e83	Woods Hole Oceanographic Institution	Electrical Engineer - DSV Alvin	Woods Hole, MA 02540	CAE	MID_LEVEL	Estimated $75.8K - $96K a year
167d69186ec259b8	Quest Defense Systems & Solutions, Inc.	Mechanical Design Engineer	Cincinnati, OH	CAE	MID_LEVEL	Estimated $80K - $101K a year
21693b3cba95e582	Parsons	Roadway Engineer	Centreville, VA	CAE	MID_LEVEL	$59,300 - $103,800 a year
18c1124a64ede238	A123 Systems LLC	Systems Engineer	Novi, MI 48377	CAE	MID_LEVEL	Estimated $88.3K - $112K a year
df74bcbc06cefad4	Kearfott Corporation	Mechanical Engineering Manager	Black Mountain, NC	CAE	MID_LEVEL	Estimated $113K - $143K a year
838aabe47c593b97	A. O. Smith Corporation	Process Engineer	Ashland City, TN 53224 (Calumet Farms area)	CAE	MID_LEVEL	$45,548.38 - $54,853.96 a year
166746adbc1851ad	Nextgen Innovation	CAE Engineer	Raymond, OH	CAE	MID_LEVEL	$80,000 a year
bbbdfbd1eb4b6d0a	Lucid Motors	Engineer, Hardware Safety Electronics	Newark, CA 94560	CAE	MID_LEVEL	Estimated $115K - $145K a year
421e5cbab655bb53	Ford Motor Company	Mechanical Design Engineer - High Voltage Battery System	Dearborn, MI 48124	CAE	MID_LEVEL	Estimated $93.5K - $118K a year
4da25e491622fbec	NEXTracker	Mechanical Design Engineer	Fremont, CA 94555 (Ardenwood area)	CAE	MID_LEVEL	$130,000 - $178,800 a year
6482ebc717863947	Aetos Systems	Electrical Systems Engineer	Arnold AFB, TN	CAE	MID_LEVEL	Estimated $83.2K - $105K a year
36177740adb710dd	Flex	Mechanical Design Engineer	Fremont, CA	CAE	MID_LEVEL	$130,000 - $178,800 a year
35cbf4923c147cc6	Stryker	Staff Engineer, Metrology	Mahwah, NJ 07430	CAE	MID_LEVEL	Estimated $88.5K - $112K a year
8bc358524ed78822	A. O. Smith Corporation	Staff Engineer - New Product Development (Gas Combustion Product)	Hybrid remote in Lebanon, TN 37090	CAE	MID_LEVEL	Estimated $100K - $127K a year
6a75cf1c524af659	AO Smith	Staff Engineer - New Product Development (Gas Combustion Product)	Lebanon, TN 37087	CAE	MID_LEVEL	Estimated $102K - $129K a year
99bc2250e0212009	Magna International Inc.	Engineer - EV Powertrain	Troy, MI 48083	CAE	MID_LEVEL	Estimated $65.5K - $82.9K a year
ea7927ee8af9b546	Crane Co.	Manufacturing Engineer II/III	Burbank, CA 91504	CAE	MID_LEVEL	$103,500 - $139,422 a year
ff7130249c5ba417	Crane Aerospace & Electronics	Manufacturing Engineer II/III	Burbank, CA 91504	CAE	MID_LEVEL	$103,500 - $139,422 a year
de53ae1dcd844ca1	Tesla	CAE & CFD Thermal Engineer, Battery Engineering, Semi	Fremont, CA	CAE	MID_LEVEL	Estimated $130K - $164K a year
e489850e1bc794bb	AO Smith	Process Engineer	Ashland City, TN 37015	CAE	MID_LEVEL	Estimated $76.6K - $97.1K a year
905517f8ba80a6d7	Generac Power Systems	Mechanical Engineer II	Waukesha, WI 53188	CAE	MID_LEVEL	Estimated $68.3K - $86.4K a year
cc88db561dc3b8a1	Capgemini	Mechanical & Physical Engineer - Automotive Cooling System Design and Release Engineer	Auburn Hills, MI	CAE	MID_LEVEL	Estimated $84.9K - $108K a year
5f870e5e3ac992bc	Crane Co.	Mechanical Engineer	Elyria, OH	CAE	MID_LEVEL	Estimated $94.5K - $120K a year
fe9f20eb740097d5	Crane Aerospace & Electronics	Mechanical Engineer	Elyria, OH	CAE	MID_LEVEL	Estimated $102K - $129K a year
52a1986a7824a503	Scout Motors	Engineer, Closures Sheet Metal Design & Release	Detroit, MI	CAE	MID_LEVEL	$120,000 - $140,000 a year
aa8895286dbbe08d	Crane Co.	RF (Radio Frequency) Engineer	Chandler, AZ	CAE	MID_LEVEL	Estimated $103K - $131K a year
2890c72821395255	Crane Aerospace & Electronics	RF (Radio Frequency) Engineer	Chandler, AZ	CAE	MID_LEVEL	Estimated $83.2K - $105K a year
ad05d6f2f393bb6d	FEV North America	Project Engineer -Vehicle Integration Engineer	Auburn Hills, MI 48326	CAE	MID_LEVEL	Estimated $74.3K - $94.1K a year
10fdba1448865f2b	Curtis Instruments	Computer Design Engineer	Hybrid remote in Mount Kisco, NY	CAE	MID_LEVEL	$90,000 - $130,000 a year
683824de63b4e23e	Lucid Motors	Mechanical Engineer - ADAS (Advanced Driver Assistance Systems) Packaging	Newark, CA 94560	CAE	MID_LEVEL	Estimated $109K - $138K a year
4475bf5b85781930	CAE	Simulation Systems Engineer	Tampa, FL 33634	CAE	MID_LEVEL	Estimated $94.4K - $120K a year
424859b7151302fb	Polestar Technical Services, Inc.	Mechanical Engineer	Richland, WA	CAE	MID_LEVEL	Estimated $93.9K - $119K a year
0c350b5318129a83	Scout Motors	Engineer, Safety CAE	Detroit, MI	CAE	MID_LEVEL	$120,000 - $140,000 a year
ed2ec7f0538f3f83	Capgemini	Mechanical & Physical Engineer - Mechatronics DRE- PTDR Driveline/Axle & Transmission	Auburn Hills, MI	CAE	MID_LEVEL	Estimated $79.7K - $101K a year
7c180d654daa834d	Scout Motors	Engineer, Seating Design & Release	Detroit, MI	CAE	MID_LEVEL	$120,000 - $140,000 a year
abba886c2efe3103	Scout Motors	Engineer, Sheet Metal Design & Release	Detroit, MI	CAE	MID_LEVEL	$120,000 - $140,000 a year
ae333565f1aac54f	Jacobs	Aviation Project Manager	Charlotte, NC 28202 (Downtown Charlotte area)	CAE	MID_LEVEL	Estimated $115K - $145K a year
e6dfcb240b3c47b8	ADAPT Technology LLC.	Senior Structural Engineer	Troy, MI 48098	CAE	MID_LEVEL	$40 - $44 an hour
52efae1678a15095	Quest Defense Systems & Solutions, Inc.	Mechanical Design Engineer	Cincinnati, OH	CAE	MID_LEVEL	Estimated $67.1K - $85K a year
11e81e84bd8d7ec3	Capgemini	Mechanical & Physical Engineer - Mechatronics DRE- PTDR Driveline/Axle & Transmission	Auburn Hills, MI	CAE	MID_LEVEL	Estimated $79.7K - $101K a year
cd9596d672a97e50	Tesla	CAE Analysis Engineer, Battery Simulation	Fremont, CA	CAE	MID_LEVEL	Estimated $125K - $159K a year
dfde403a06c4a3b4	American Honda Motor Co	Design Engineer III	Swepsonville, NC 27258	CAE	MID_LEVEL	Estimated $82K - $104K a year
446b3b72dfc4cd70	Tesla	Manufacturing Engineer, Cell Assembly	Fremont, CA	CAE	MID_LEVEL	Estimated $123K - $155K a year
312aa47f913fabba	LT Technology Services	Seat Engineer	Raymond, OH	CAE	MID_LEVEL	Estimated $73.8K - $93.4K a year
5c34c74b04b9727c	Johns Manville	Research Engineer - CFD	Littleton, CO	CAE	MID_LEVEL	$81,400 - $112,000 a year
d8405491a5d5b59d	EDAG Inc.	CAE Durability/NVH Engineer	Troy, MI	CAE	MID_LEVEL	$68,330.95 - $82,291.03 a year
055f6c35a0ad254b	Tesla	Customer & Field Quality Engineer, Global Quality, Cell Manufacturing	Austin, TX	CAE	MID_LEVEL	Estimated $101K - $128K a year
70d7b1da5356b50e	Nokomis	Mechanical Engineer	Charleroi, PA 15022	CAE	MID_LEVEL	Estimated $81.1K - $103K a year
6a23e16696df3d66	Kearfott Corporation	Engineer II	Black Mountain, NC	CAE	MID_LEVEL	Estimated $82.8K - $105K a year
d5565daf077c8a64	RIMK	Mechanical Engineer - Vehicle Accident Reconstruction - Orlando, FL	Remote in Altamonte Springs, FL 32714	CAE	MID_LEVEL	Estimated $107K - $136K a year
63fd6ddc303d2b93	CAE	Interoperability Engineer III	Tampa, FL 33634	CAE	MID_LEVEL	Estimated $95.5K - $121K a year
fcda7f342dc91b39	Copeland	Additive Manufacturing Engineering Co-op (Spring 2024 Semester - January Start)	Sidney, OH	CAE	MID_LEVEL	Estimated $66.2K - $83.8K a year
1e1c6163d192b36b	Crane Co.	Mechanical Engineer	Elyria, OH	CAE	MID_LEVEL	Estimated $102K - $129K a year
893dfabff91c7c0d	Crane Aerospace & Electronics	Mechanical Engineer	Elyria, OH	CAE	MID_LEVEL	Estimated $103K - $131K a year
b6264bcd7d982696	Methode Electronics, Inc.	Mechanical Engineer - Busbar Design	Rolling Meadows, IL 60008	CAE	MID_LEVEL	Estimated $79.3K - $100K a year
4eee38f33c6f99bb	Lucid Motors	CAD Engineer, HVAC and Thermal Systems	Newark, CA 94560	CAE	MID_LEVEL	Estimated $96.7K - $122K a year
920c3bc64d3e6df7	Gecom Corporation	Design Engineer Mechanisms	Novi, MI 48375	CAE	MID_LEVEL	Estimated $75.4K - $95.5K a year
1b9423315d1ec2cb	Lucid Motors	Engineer, Chassis	Newark, CA 94560	CAE	MID_LEVEL	Estimated $118K - $149K a year
dd4283e061be96d2	Hanon Systems	Compressor Engineer	Novi, MI 48377	CAE	MID_LEVEL	Estimated $86.3K - $109K a year
006aaab2706e3bd3	Ford Motor Company	HV Battery Mechanical Array D&R Engineer	Dearborn, MI 48124	CAE	MID_LEVEL	Estimated $86.3K - $109K a year
aaac405cf3601b68	Freeman Boatworks	Mechanical Engineer	United States	CAE	MID_LEVEL	NA
16a662f3be287734	SPX FLOW	Product Development Engineer	Delavan, WI 53115	CAE	MID_LEVEL	Estimated $80.6K - $102K a year
e0036d2abd03e4bf	E-Space	Mechatronics Engineer	Saratoga, CA	CAE	MID_LEVEL	$100,000 - $170,000 a year
c0158776706dcab0	Ford Motor Company	Product Development Chassis CAE Engineer	Dearborn, MI 48124	CAE	MID_LEVEL	Estimated $84.6K - $107K a year
0e2b20c466c7a27d	Ford Motor Company	HV Battery Mechanical Array D&R Engineer	Dearborn, MI 48124	CAE	MID_LEVEL	Estimated $85.4K - $108K a year
1aee8f4e1c7a82a8	Ford Motor Company	Propulsion Application Engineer - EV Energy Management Systems	Dearborn, MI 48124	CAE	MID_LEVEL	Estimated $110K - $140K a year
c334b0d9047001f1	LT Technology Services	Seat Engineer	Raymond, OH	CAE	MID_LEVEL	Estimated $73.8K - $93.4K a year
f69689836cb0b805	Crane Co.	Quality Engineer- Electronics	West Caldwell, NJ	CAE	MID_LEVEL	Estimated $80.2K - $102K a year
408b83b5a496a0b5	SPX FLOW	Product Development Engineer	Delavan, WI 53115	CAE	MID_LEVEL	Estimated $80.6K - $102K a year
5932689c10fb4908	Intramotev	EV Drivetrain / Battery Engineer	St. Louis, MO	CAE	MID_LEVEL	Estimated $77.8K - $98.5K a year
c03d8575d5bfff30	Crane Co.	Systems Engineer IV	Burbank, CA 91504	CAE	MID_LEVEL	$146,931 - $174,241 a year
758a9af07910bbf7	Crane Co.	RF Design Engineer	Chandler, AZ	CAE	MID_LEVEL	Estimated $125K - $158K a year
08c322d33b3aee2c	Crane Aerospace & Electronics	RF Design Engineer	Chandler, AZ	CAE	MID_LEVEL	Estimated $116K - $147K a year
f0a6b0da489e5187	Crane Aerospace & Electronics	Systems Engineer IV	Burbank, CA 91504	CAE	MID_LEVEL	$146,931 - $174,241 a year
4a19e3dfe7a4b7a4	Crane Co.	Systems Engineer II / III	Burbank, CA 91504	CAE	MID_LEVEL	Estimated $90.1K - $114K a year
1f808e1d05a086c9	Crane Aerospace & Electronics	Systems Engineer II / III	Burbank, CA 91504	CAE	MID_LEVEL	Estimated $90.9K - $115K a year
af60ec236e77be76	Rivian	Sr. Closures Design Release Engineer – Seals	Irvine, CA 92606	CAE	MID_LEVEL	Estimated $123K - $155K a year
75a87afe10ecf398	Leidos	Mechanical Modeling Engineer	Dayton, OH 45433	CAE	MID_LEVEL	$78,000 - $141,000 a year
37f6d9785fbbc323	SPX FLOW	Product Development Engineer	Delavan, WI 53115	CAE	MID_LEVEL	Estimated $80.6K - $102K a year
4f20055fe7054120	SPX FLOW	Product Development Engineer	Delavan, WI 53115	CAE	MID_LEVEL	Estimated $80.6K - $102K a year
8fc8bdf6d5de4cf4	Narda-MITEQ	RF/Wireless Passive Component Design Engineer	Hauppauge, NY 11788	CAE	MID_LEVEL	$95,000 - $125,000 a year
9ca6717e86b30322	Linamar Corp	Product Engineer III - Electrification	Livonia, MI	CAE	MID_LEVEL	Estimated $89.3K - $113K a year
dd7aff2e9e3acc39	Ford Motor Company	Power Electronics Core Engineer	Allen Park, MI 48101	CAE	MID_LEVEL	Estimated $104K - $132K a year
ec9c0cd74528176f	Magna International Inc.	Engineer - Exteriors	Troy, MI 48083	CAE	MID_LEVEL	Estimated $65K - $82.3K a year
60d6ac841d543f3d	Ford Motor Company	Power Module Design & Reliability Engineer	Dearborn, MI 48124	CAE	MID_LEVEL	Estimated $93.9K - $119K a year
7350c0c0647a27d0	Carrier	Senior Design Engineer	East Syracuse, NY 13057	CAE	MID_LEVEL	$71,500 - $125,500 a year
c24ba8b9d62cc9d9	Lumenance	Automotive Structure CAE	Marysville, OH	CAE	MID_LEVEL	Estimated $67.4K - $85.3K a year
779f6acafb2129a6	Lumenance	Computational Fluid Dynamics (CFD) Analyst - Full Vehicle	Marysville, OH	CAE	MID_LEVEL	Estimated $69.3K - $87.7K a year
2fde2b540dad18cb	Lumenance	Automotive Chassis Design Engineer	Marysville, OH	CAE	MID_LEVEL	Estimated $73.5K - $93.1K a year
cbc673dd5912aa79	Narda-MITEQ	Lead, Integrated Microwave Assembly (IMA) Engineer	Hauppauge, NY 11788	CAE	MID_LEVEL	$140,000 - $170,000 a year
4de08e8fd7360225	Hyster-Yale Group	Electrical Engineer I-IV	Hybrid remote in Greenville, NC 27834	CAE	MID_LEVEL	Estimated $78.4K - $99.3K a year
0e016678b80dacef	ispace, inc.	Structures Engineer - Strength Analyst	Hybrid remote in Englewood, CO	CAE	MID_LEVEL	From $110,000 a year
d1616cea6bfea153	Hyundai America Technical Center, Inc. (HATCI)	Safety CAE Engineer	Hybrid remote in Township of Superior, MI 48198	CAE	MID_LEVEL	Estimated $61.5K - $77.8K a year
b323fe9d7bf0054d	Ford Motor Company	Electromagnetic Compatibility (EMC) Engineer	Dearborn, MI 48124	CAE	MID_LEVEL	Estimated $85.7K - $108K a year
f788166c21b329f5	Canoo Technologies Inc.	Sr. EMC Test Engineer	Oklahoma City, OK 73128	CAE	MID_LEVEL	Estimated $95.7K - $121K a year
72c5461351353cb7	M.C. Dean, Inc.	Control Engineer 2	Harrisonburg, VA	CAE	MID_LEVEL	Estimated $76.1K - $96.3K a year
4c8f117c238d90c1	Voith Group	Engineer, OTO	York, PA 17408	CAE	MID_LEVEL	Estimated $73.9K - $93.6K a year
4a8c3c50ce7e413e	M.C. Dean, Inc.	Control Engineer 2	Tysons, VA	CAE	MID_LEVEL	Estimated $78.6K - $99.5K a year
7f569a5c1f8ff6c5	Freudenberg Battery Power Systems LLC	CFD Engineer	Auburn Hills, MI 48326	CAE	MID_LEVEL	From $100,000 a year
cd18876cb6dada7d	Superior Essex	Senior Manufacturing Engineer	Fort Wayne, IN 46802 (West Central area)	CAE	MID_LEVEL	Estimated $87.4K - $111K a year
a3222c2c970c5ebd	Taco Family of Companies	Hydraulic Engineer	Hybrid remote in Cranston, RI 02920	CAE	MID_LEVEL	Estimated $96.6K - $122K a year
228f98faed5aac6b	Woods Hole Oceanographic Institution	Electrical Engineer	Woods Hole, MA 02540	CAE	MID_LEVEL	Estimated $89.4K - $113K a year
3246c94dea96d177	Tesla	Mechanical Engineer, Collision Repair Development	Austin, TX	CAE	MID_LEVEL	Estimated $82.4K - $104K a year
c0b305de3b03de38	Tesla	Sr. Mechanical Design Engineer, Exteriors Architecture, New Programs	Hawthorne, CA (North Hawthorne area)	CAE	MID_LEVEL	Estimated $109K - $138K a year
6e2506e4b77a9034	Fairbanks Morse Defense	Analytical Engineer	Beloit, WI 53511	CAE	MID_LEVEL	Estimated $84.9K - $108K a year
be24a6c2d9bc5bed	M.C. Dean, Inc.	Control Engineer 3	Suwanee, GA	CAE	MID_LEVEL	Estimated $94.3K - $119K a year
0b3243e7485412f5	Hyster-Yale Group	Electrical Engineer	Hybrid remote in Greenville, NC 27834	CAE	MID_LEVEL	Estimated $76.4K - $96.8K a year
c1e87362cdc73ce9	Tesla	Mechanical Design Engineer, Closures	Fremont, CA	CAE	MID_LEVEL	Estimated $94.7K - $120K a year
b6cc0e8d9f037a45	Jefferson Lab	Mechanical Engineer III	Newport News, VA 23606	CAE	MID_LEVEL	$110,300 - $174,200 a year
8ed5dbf55e915de9	Hermeus	Senior Thermal Engineer	Hybrid remote in Los Angeles, CA	CAE	MID_LEVEL	$150,000 - $170,000 a year
4cf59c4a4d6b8624	M.C. Dean, Inc.	Control Engineer 5	Tysons, VA	CAE	MID_LEVEL	Estimated $123K - $155K a year
e511958e22c9b797	M.C. Dean, Inc.	Control Engineer 4	Tysons, VA	CAE	MID_LEVEL	Estimated $115K - $146K a year
a1632f24c8665e58	Battle Motors Inc	Functional Safety Engineer	Hybrid remote in Ohio	CAE	MID_LEVEL	Estimated $93K - $118K a year
4d660616519444a9	AO Smith	Process Engineer	Ashland City, TN 37015	CAE	MID_LEVEL	Estimated $76.1K - $96.3K a year
9f6b0ecbf4cd1f02	Taco Family of Companies	Mechanical Engineer	Hybrid remote in Cranston, RI 02920	CAE	MID_LEVEL	Estimated $104K - $132K a year
9fbb0a8ea41c14d9	EPLAN USA	Application Engineer	Remote	CAE	MID_LEVEL	Estimated $93K - $118K a year
b5924246cbb2ed0b	Intercax	Digital Thread Applications Engineer	Remote	CAE	MID_LEVEL	Estimated $93.5K - $118K a year
7fdc52a426d579c6	Hitachi Astemo Greenfield, LLC	Senior Mechanical Engineer	Greenfield, IN	CAE	MID_LEVEL	Estimated $84.1K - $107K a year
7b90c142f1e5fdf1	Hitachi Astemo Greenfield, LLC	Senior Mechanical Engineer	Greenfield, IN	CAE	MID_LEVEL	Estimated $84.8K - $107K a year
b0b9a7afb8f21347	Metropolitan Transportation Authority	Field Equipment Engineer (multiple vacancies)	United States	CAE	MID_LEVEL	From $108,638 a year
81fbcea0670ffe43	Gamma Technologies	Solver Development – Electric Motors and Drives	Hybrid remote in Westmont, IL	CAE	MID_LEVEL	Estimated $92K - $117K a year
9ebe9bff77afee08	Johns Hopkins Applied Physics Laboratory (APL)	Mechanical / Packaging Engineer	Laurel, MD 20723	CAE	MID_LEVEL	NA
b99122e1ca6d3195	Fisker Inc	Sustainability Materials Engineer, Polymers	Manhattan Beach, CA 90266	CAE	MID_LEVEL	$55,020 - $153,270 a year
ca0c7a438fa7a9b1	M.C. Dean, Inc.	Control Engineer 4	Caroline County, VA	CAE	MID_LEVEL	Estimated $113K - $143K a year
9fffabaf6cc4e355	Blue Bird Corporation	Project Engineer	Macon, GA 31210	CAE	MID_LEVEL	Estimated $72.7K - $92K a year
a51ac4270cd20140	Blue Bird Corporation	Project Engineer	Macon, GA 31210	CAE	MID_LEVEL	Estimated $72.7K - $92K a year
588ebc19c362a67a	American Honda Motor Co	Powersports Design Engineer III - Appearance Parts	Marysville, OH 43040	CAE	MID_LEVEL	Estimated $91K - $115K a year
70baceb74f935544	Narda-MITEQ	Senior RF/Wireless IMA Engineer	Hauppauge, NY 11788	CAE	MID_LEVEL	$120,000 - $150,000 a year
074b052db5e3c222	The Vollrath Company LLC	Engineer II - Mechanical	Kiel, WI 53042	CAE	MID_LEVEL	Estimated $64.1K - $81.2K a year
12478f3cc0adde00	The Vollrath Company LLC	Engineer II - Mechanical	Sheboygan, WI 53081	CAE	MID_LEVEL	Estimated $65.2K - $82.5K a year
dbec8fca19d3ca57	BETA CAE Systems USA	CAE Durability Engineer	Farmington Hills, MI 48334	CAE	MID_LEVEL	$80,000 - $90,000 a year
7433294b4b3eb2ec	BETA CAE Systems USA	CAE NVH Engineer	Farmington Hills, MI 48334	CAE	MID_LEVEL	$80,000 - $90,000 a year
f43ae197d4bd3c42	BETA CAE Systems USA	CAE Engineer (Vehicle Dynamics / Durability)	Farmington Hills, MI 48334	CAE	MID_LEVEL	$80,000 - $90,000 a year
15fd7c8ea2643419	BETA CAE Systems USA	CFD Engineer	Farmington Hills, MI 48334	CAE	MID_LEVEL	$80,000 - $90,000 a year
2fbfbcd2adb86f53	BETA CAE Systems USA	FEA Engineer	Farmington Hills, MI 48334	CAE	MID_LEVEL	$80,000 - $90,000 a year
6fd5b775f0786959	BETA CAE Systems USA	Mechanical Engineer	Farmington Hills, MI 48334	CAE	MID_LEVEL	$80,000 - $90,000 a year
ee977a1adee5b7c7	Lucid Motors	Staff Manufacturing Engineer, Mechanical Joining - BiW	Casa Grande, AZ	CAE	MID_LEVEL	Estimated $137K - $174K a year
1a08b34615dd9791	PACCAR	Advanced Vehicle and Powertrain CAE Engineer	Mount Vernon, WA 98273	CAE	MID_LEVEL	$93,000 - $145,500 a year
1180ea759756e51a	Eugenus, Inc.	Staff Mechanical Engineer – Core Technology	San Jose, CA 95134 (North San Jose area)	CAE	MID_LEVEL	$140,000 - $180,000 a year
4c9336bf91acf2d4	Woods Hole Oceanographic Institution	Engineer	Woods Hole, MA 02540	CAE	MID_LEVEL	Estimated $76K - $96.3K a year
73694b6f908f2da5	Tribe 9 Foods	Plant Maintenance Engineer	South Windsor, CT 06074	CAE	MID_LEVEL	Estimated $73K - $92.5K a year
b1e5dc9c9962220b	Hanon Systems	Refrigerant Module Application Engineer	Novi, MI 48377	CAE	MID_LEVEL	Estimated $86.9K - $110K a year
0eb75da1ade66686	Hanon Systems	HVAC Electrical Component Applications Engineer	Novi, MI 48377	CAE	MID_LEVEL	Estimated $80.6K - $102K a year
87e319ad70702aee	Tesla	Systems Modeling Engineer, Semi	Palo Alto, CA	CAE	MID_LEVEL	Estimated $112K - $142K a year
42eaaf25b3c95efa	Tesla	Systems Design & Integration Engineer, Semi	Palo Alto, CA	CAE	MID_LEVEL	Estimated $132K - $167K a year
066856396d1a0bad	Canoo Technologies Inc.	Senior Engineer – CAE Durability	Remote in Auburn Hills, MI 48326	CAE	MID_LEVEL	Estimated $97.7K - $124K a year
66cef93618a67baa	Kasai North America, Inc	Design Manager	Troy, MI 48083	CAE	MID_LEVEL	Estimated $70K - $88.7K a year
a5a63dbc05ca43da	Tesla	Mechanical Engineer, Collision Repair Development	Fremont, CA	CAE	MID_LEVEL	Estimated $85.2K - $108K a year
46b8954d8727fd38	Tesla	CAE Engineer, Drive Systems	Palo Alto, CA	CAE	MID_LEVEL	Estimated $123K - $155K a year
7867dfefc1613842	BOEING	Mid - Career Stress Analysis Engineer	Long Beach, CA	CAE	MID_LEVEL	$98,700 - $134,650 a year
b7fc3c7cd2bb1083	ALUDYNE	Product Engineer - Location either Munich, Germany or Paris, France	Paris, TX	CAE	MID_LEVEL	Estimated $62.7K - $79.4K a year
23a3280501b05f0a	Fabtronic Inc.	Mechanical Engineer / CAD	Macomb, MI 48042	CAE	MID_LEVEL	$60,000 - $120,000 a year
a531da4a4a332e20	Tesla	CAE Engineer, Semi, Battery Engineering	Palo Alto, CA	CAE	MID_LEVEL	Estimated $124K - $157K a year
f63407c4c79ab1ba	Ztractor	Design Engineer, Body Systems	Palo Alto, CA 94301 (Professorville area)	CAE	MID_LEVEL	Estimated $102K - $129K a year
733dcd513ac235d3	Weistec Engineering	-Mechanical Design Engineer	Anaheim, CA 92806	CAE	MID_LEVEL	Estimated $73.9K - $93.6K a year
ebcd4066177c8233	SunMan Engineering, Inc.	Hardware Engineer	San Jose, CA 95131 (North Valley area)	CAE	MID_LEVEL	Estimated $107K - $136K a year
df40232d6bd6ac53	Dragados USA, Inc	Engineer II	Selma, CA 93662	CAE	MID_LEVEL	Estimated $82.9K - $105K a year
afc332daba5cfb8a	CAE Solutions Corporation	Engineer Maintenance	Burlington, MA	CAE	MID_LEVEL	Estimated $96.7K - $122K a year
