2b77cca57a7aaabe	Oracle	Product Manager/Strategy 5-ProdDev	United States	PM	ENTRY_LEVEL	NA
e8ed30c43b877013	MAT Holdings, Inc	Associate Product Manager	Jackson, TN 38301	PM	ENTRY_LEVEL	Estimated $59.4K - $75.2K a year
aa49525763fe266d	Zenith Insurance Company	Dir, Business Process Innovation/Product Owner	Woodland Hills, CA 91367	PM	ENTRY_LEVEL	$136,382 - $170,478 a year
5348cf687b9c405c	Vergent LMS, Inc.	Product Owner	Ridgeland, MS 39157	PM	ENTRY_LEVEL	NA
0ada2dd8054b7f45	Greenphire	Product Owner	King of Prussia, PA	PM	ENTRY_LEVEL	NA
14e5d1268b4c87b8	MAT Holdings, Inc	Associate Product Manager	Springfield, MN 56087	PM	ENTRY_LEVEL	Estimated $64.5K - $81.6K a year
5cce2c26ba09db66	Publicis Sapient	Ad Tech Product Manager	New York, NY	PM	ENTRY_LEVEL	$124,000 - $185,000 a year
73ac2ab6ac8a07ed	Curate	Product Manager	Remote in United States	PM	ENTRY_LEVEL	$67,000 - $91,000 a year
581e5f6eb7951f15	Legacy Chevrolet GMC	Product Manager	Collins, MS 39428	PM	ENTRY_LEVEL	$60,000 - $100,000 a year
6b248b79e5bffd93	Earnix	Product Manager	Boston, MA	PM	ENTRY_LEVEL	NA
4afbe5da87698f37	Marketlab Inc.	Associate Product Manager - Medical Laboratory	Caledonia, MI 49316	PM	ENTRY_LEVEL	NA
d9005cbbbd7a331a	Emerson	Analytics & AI Product Owner	Hybrid remote in Boulder, CO	PM	ENTRY_LEVEL	$113,000 - $154,000 a year
8bee77dc361581e6	Publicis Sapient	Ad Tech Product Manager	Atlanta, GA	PM	ENTRY_LEVEL	$112,000 - $168,000 a year
e984180d81ad8b22	Publicis Sapient	Ad Tech Product Manager	Chicago, IL	PM	ENTRY_LEVEL	$112,000 - $168,000 a year
b3196889869c2e13	The Walt Disney Studios	Product Marketing Manager	New York, NY	PM	ENTRY_LEVEL	$106,764 - $144,220 a year
10f59146656298db	FICO	Product Marketing Assoc. Manager/Manager - AI	Remote in United States	PM	ENTRY_LEVEL	$77,000 - $121,000 a year
0e2f3ccc34f18db5	GoodRx	Senior Product Manager	San Francisco, CA	PM	ENTRY_LEVEL	$143,000 - $229,000 a year
67d2dda0e6d24cdf	Oracle	Product Manager/Strategy 3-ProdDev	United States	PM	ENTRY_LEVEL	NA
3e4718662a893feb	Agero	Product Manager	Remote in San Francisco, CA	PM	ENTRY_LEVEL	$110,000 - $135,000 a year
cfa177e4c8fee6ad	Oracle	Product Manager 3	United States	PM	ENTRY_LEVEL	NA
6e9f83c30b021bf2	Cariloop	Remote Product Associate	Remote in United States	PM	ENTRY_LEVEL	NA
fac15c70d86dac27	Tesla	Technical Program Manager, New Product Introduction, Body	Austin, TX	PM	ENTRY_LEVEL	NA
d58462d728ce8ec2	Warner Music Group	Product Data Management Financial FIT Cleanup Consultant	Nashville, TN	PM	ENTRY_LEVEL	Estimated $62.8K - $79.5K a year
5d0d5505d5f05d43	BOEING	External Product Implementation Specialist 2	San Diego, CA	PM	ENTRY_LEVEL	$78,000 - $86,000 a year
8651814da90eba40	NORTHEASTERN SUPPLY INC	HVAC Brand-Product Manager - Golden Ring	Rosedale, MD 21237	PM	ENTRY_LEVEL	Estimated $83.7K - $106K a year
4af12544144aed61	Thompson Tractor Company	General Product Support Sales Manager	Birmingham, AL 35217	PM	ENTRY_LEVEL	Estimated $58.5K - $74K a year
c31ecf18953853bc	Siemens Energy	Turbine Blades & Vanes Manufacturing Product Owner SGT5/6-9000HL	Orlando, FL 32817	PM	ENTRY_LEVEL	NA
da6d331654743863	Connect Assistance	Product Manager	Hybrid remote in San Juan, PR 00907	PM	ENTRY_LEVEL	NA
adbbb1bde7c7a62e	Intelliswift Software, Inc.	Product Manager, Engagement Growth	San Jose, CA	PM	ENTRY_LEVEL	$66.90 an hour
804b3577473a5b72	Ghirardelli Chocolate Company	Associate Product Manager	San Leandro, CA 94578 (Downtown area)	PM	ENTRY_LEVEL	Estimated $64.3K - $81.4K a year
77e4407bcf04e495	Thompson Tractor Company	General Product Support Sales Manager	Birmingham, AL 35217	PM	ENTRY_LEVEL	Estimated $62.6K - $79.3K a year
393b8a9d33259785	Canopy	Associate Product Manager	Draper, UT	PM	ENTRY_LEVEL	NA
409fc9a4a3cbb38b	Alamo Group	Product Data Management Coordinator	Winn, MI 48896	PM	ENTRY_LEVEL	Estimated $47.4K - $60K a year
72bf7769eccff808	B2Gnow (3520200)	Product Marketing Manager	Hybrid remote in Phoenix, AZ 85007	PM	ENTRY_LEVEL	Estimated $99.4K - $126K a year
5752ba9d1e3ed735	United Bank	Treasury Management Product Analyst	Parkersburg, WV 26101	PM	ENTRY_LEVEL	Estimated $48.7K - $61.6K a year
e9bf9bed936cb2d7	TMPC	Product Owner	Tampa, FL 33621 (MacDill AFB area)	PM	ENTRY_LEVEL	NA
e3e858d18e2621fc	Arch Systems, LLC	Product Manager	Remote	PM	ENTRY_LEVEL	From $90,000 a year
f708c0173540e9d0	Boston Medical Center	Technical Product Manager for HVAC Energy Efficiency	Remote	PM	ENTRY_LEVEL	NA
10326bb763938afd	Warner Music Group	Product Data Management Financial FIT Cleanup Consultant	Nashville, TN	PM	ENTRY_LEVEL	Estimated $62.8K - $79.5K a year
1d8ec808bf505b6b	beek	Production and Product development Manager	Hybrid remote in Newport Beach, CA 92663	PM	ENTRY_LEVEL	$87,796 - $95,554 a year
268b0a0455f2ba44	American Addiction Centers	Product Manager	San Diego, CA 92101 (Little Italy area)	PM	ENTRY_LEVEL	NA
667477ad1dc5bbf1	Bright Pattern, Inc.	Junior Product Manager (Customer Service SaaS)	San Francisco, CA	PM	ENTRY_LEVEL	NA
2077bf9b93458e4b	Amplify Consulting Partners	Associate Product Manager	Bellevue, WA	PM	ENTRY_LEVEL	$50,000 - $65,000 a year
4de44b01bd8c5afa	HellermannTyton	Associate Product Manager - Automotive	Milwaukee, WI 53224 (Land Bank area)	PM	ENTRY_LEVEL	Estimated $69.2K - $87.6K a year
c8dfef5aa04d0dc4	HPP Advisors	Product Finishing Warehouse Management	Dowagiac, MI 49047	PM	ENTRY_LEVEL	$15 - $18 an hour
58d30d2cc9340e7a	CONAGRA	Associate Product Lifecycle Management Specialist	Hybrid remote in Omaha, NE 68102	PM	ENTRY_LEVEL	NA
5c9bb6da1d7d8151	HomeServe USA	Associate Product Manager	Norwalk, CT 06851	PM	ENTRY_LEVEL	$54,808.60 - $73,078.50 a year
7821d19211271e5b	Combined Insurance	AVP Claims Product Owner	Jersey City, NJ	PM	ENTRY_LEVEL	NA
1aa36605ee46af6f	Reynolds and Reynolds	Jr. Product Manager	Celina, OH 45822	PM	ENTRY_LEVEL	NA
029c1a3ea9606ec1	UL Solutions	2024 Campus Full Time: Product Management Associate Business Analyst	Northbrook, IL	PM	ENTRY_LEVEL	Estimated $49.5K - $62.7K a year
f5301cfead8952e4	Reynolds and Reynolds	Jr. Product Manager	Celina, OH 45822	PM	ENTRY_LEVEL	NA
45c3bbdd31dee7a6	VXForward	Product Strategist/Product Owner	Remote	PM	ENTRY_LEVEL	NA
f9f1ca1a156f695e	Agero	Product Manager	Remote in Phoenix, AZ	PM	ENTRY_LEVEL	NA
d1897c62ffbb6796	Perficient, Inc	Product Owner	Remote in United States	PM	ENTRY_LEVEL	NA
4a6f0885f5675b70	DICK'S Sporting Goods	Product Manager I - Payments	Lafayette, LA 70508	PM	ENTRY_LEVEL	$67,100 - $109,000 a year
c0c45d45e38380a3	VXForward	EHR Product Capability Lead	Remote	PM	ENTRY_LEVEL	NA
98b9012a2e53b8cf	Oracle	Principal Product Marketing Manager, Oracle University and Customer Success Services Digital Office	United States	PM	ENTRY_LEVEL	Estimated $97.4K - $123K a year
cb2f355e86241fdc	Tamr	Product Management Co-op	Hybrid remote in Boston, MA	PM	ENTRY_LEVEL	NA
f1a227c0bef9dff8	Sock Club	Product Manager	Hybrid remote in Austin, TX 78723	PM	ENTRY_LEVEL	NA
ba3870023f397ff5	Amphenol TCS	Assistant Product Manager	Hampton, NH	PM	ENTRY_LEVEL	Estimated $84.7K - $107K a year
a5ad480e19d838cf	Bright Pattern, Inc.	Junior Product Manager (Customer Service SaaS)	San Francisco Bay Area, CA	PM	ENTRY_LEVEL	NA
d0faa91c971bea24	Costco Wholesale	IT Product Owner – BI & Analytics WABD	Seattle, WA 98134 (Industrial District area)	PM	ENTRY_LEVEL	$125,000 - $160,000 a year
4e54d74e6a02616b	EverLee Creations	Product Manager/ Laser Operator	Bradenton, FL 34209	PM	ENTRY_LEVEL	$20 - $25 an hour
815a23e1f2a0fc09	Quick Services LLC	Product Owner	Tampa, FL 33621 (MacDill AFB area)	PM	ENTRY_LEVEL	NA
946ff0772596c04e	Valmet Inc.	Product Sales Manager, Fiber Process Parts (FPP)	Waukesha, WI	PM	ENTRY_LEVEL	Estimated $64.6K - $81.8K a year
82b16bda4ff1c834	Combined Insurance	VP AI Product Owner	Jersey City, NJ	PM	ENTRY_LEVEL	NA
a3d48d858fadf786	Rain Retail Software	Associate Product Manager	Provo, UT	PM	ENTRY_LEVEL	$55,000 - $65,000 a year
63537ef84a831faa	DAVITA	Product Manager (Mobile)	Denver, CO 80202 (Union Station area)	PM	ENTRY_LEVEL	$91,000 - $133,700 a year
7b7ef9129b11c1a1	Grainger	Product Information Analyst	Illinois	PM	ENTRY_LEVEL	NA
761d8072b4434a13	Apple	Get Connected: Product Management Roles for Apple Services	Cupertino, CA	PM	ENTRY_LEVEL	NA
03b7e0da7a6ebfa7	Resonary	Product Manager [Startup]	Remote	PM	ENTRY_LEVEL	NA
3a9456257806ab2f	Oracle	Product Manager/Strategy 3-ProdDev	United States	PM	ENTRY_LEVEL	NA
cbdb08853d920d09	Warner Bros Careers	SVP Product Management	Culver City, CA	PM	ENTRY_LEVEL	$290,500 - $539,500 a year
8b8fdd5be2c1d03e	Disney	Associate Product Design Manager	Glendale, CA	PM	ENTRY_LEVEL	$92,800 - $124,400 a year
b71b5d9e4a69e34f	Blackstone Products	Jr Product Manager	Logan, UT 84321 (Bridger area)	PM	ENTRY_LEVEL	NA
e06aac40505d4b2d	Automobile Club of Southern California	Associate Product Manager	Costa Mesa, CA 92626	PM	ENTRY_LEVEL	$111,200 - $148,200 a year
81c7b7c02976a440	Afterpay	Product Manager, Omnichannel Catalog	Atlanta, GA	PM	ENTRY_LEVEL	NA
ec085868cdc33775	Go8IT	Product Owner	Charlotte, NC 28226 (Johnston Rd.-McAlpine area)	PM	ENTRY_LEVEL	NA
e447b3f840dfd723	Spacesaver	Associate Product Manager	Fort Atkinson, WI 53538	PM	ENTRY_LEVEL	Estimated $64.7K - $81.9K a year
ad57b6e3cd46827a	doxy.me	Technical Product Manager	Charleston, SC	PM	ENTRY_LEVEL	NA
25e501199f30a9e7	American Greetings	Product Management Analyst	Westlake, OH	PM	ENTRY_LEVEL	NA
17ec946b935afc7a	POP Fit Clothing	Product Development Manager	Las Vegas, NV 89119 (Paradise area)	PM	ENTRY_LEVEL	From $70,000 a year
201de5932bb6b871	Mastercard	Global SME Loyalty Product Manager	O'Fallon, MO 63368	PM	ENTRY_LEVEL	NA
107a50bf35723620	HCA Healthcare	Product Analyst	Franklin, TN 37067 (McEwen area)	PM	ENTRY_LEVEL	NA
50a97f8592db4421	State of Ohio Jobs	Draw Based Game Product Manager	Cleveland, OH 44113 (Downtown area)	PM	ENTRY_LEVEL	$35.74 an hour
320aaa380a82cb9f	FreightVerify	Product Owner	Hybrid remote in Ann Arbor, MI 48104	PM	ENTRY_LEVEL	NA
03a4885d90d7630f	Cyber-Dive Corp	Product/Project Manager (FT)	Hybrid remote in Mesa, AZ	PM	ENTRY_LEVEL	$80,000 - $100,000 a year
7594d22b446c505f	Collaboration.Ai	Associate Product Manager	Remote in Minneapolis, MN	PM	ENTRY_LEVEL	$80,602 - $84,822 a year
328a405968a12451	TikTok	TikTok Commerce - Strategy Product Manager - Anti-Fraud Solutions Graduate - 2024 Start (MBA)	Seattle, WA	PM	ENTRY_LEVEL	$91,200 - $143,555 a year
d0d2ccebb3d104d6	Vivace Marketing, Inc.	Jr. Product Marketing Manager	Midland, MI	PM	ENTRY_LEVEL	$700 - $900 a week
da98424ad6fd4a40	TrellisWare Technologies, Inc	Product Manager - Waveforms/Software	San Diego, CA 92131 (Sabre Springs area)	PM	ENTRY_LEVEL	$100,000 - $175,000 a year
6590c238b75c7e91	iMentor	Product Manager, Internal Tools	Hybrid remote in New York, NY	PM	ENTRY_LEVEL	$110,000 - $120,000 a year
c434136af13b6b53	ClinDCast LLC	Product owner Nextgen EMR	Tampa, FL	PM	ENTRY_LEVEL	NA
4032f007c78eb9b5	Wencor Group Llc	Product Line Manager - Kitco Defense	Provo, UT 84606 (Spring Creek area)	PM	ENTRY_LEVEL	Estimated $68.8K - $87.1K a year
2d94c4ea85388771	Fiserv, Inc.	Product Owner, Small Business Platform	Berkeley Heights, NJ 07922	PM	ENTRY_LEVEL	NA
3cc1722a4bd13ba3	Dart Container	Associate Product Management Analyst	Mason, MI 48854	PM	ENTRY_LEVEL	Estimated $55.7K - $70.5K a year
90be2477885a1bc4	Camp Systems International	Product Owner - Flight Scheduling	Merrimack, NH 03054	PM	ENTRY_LEVEL	NA
ffc96a20139df5f1	Premium Parking	Junior Product Manager	New Orleans, LA 70130 (Central Business District area)	PM	ENTRY_LEVEL	$53,000 - $58,000 a year
65ef17f2e24191bf	Dept of Corr - Central Admin	Principal Product Manager: Virginia Correctional Enterprises (HQ) #00928	Chesterfield, VA	PM	ENTRY_LEVEL	$88,558 - $132,838 a year
f5b0c3d7e119a9fb	Occam Solutions	Product Owner	Tampa, FL 33607	PM	ENTRY_LEVEL	NA
c7a7b6490db1a585	CentralReach	Product Owner - Data/Analytics	Remote in United States	PM	ENTRY_LEVEL	NA
dca50c0d7aefeb67	Connection	Manager, Product Line, Workplace Tranformation	Merrimack, NH 03054	PM	ENTRY_LEVEL	From $80,000 a year
56beb0e78e4ac0a5	United Wholesale Mortgage	Product Owner I	Pontiac, MI 48341	PM	ENTRY_LEVEL	NA
0da4fffa7673ed86	Del Monte Fresh Produce Company NA Inc	Product Management Specialist	Coral Gables, FL 33134	PM	ENTRY_LEVEL	NA
d3adde5e9adb36ff	Wurth USA	Product Promoter - Product Management (Bilingual English/Spanish)	Ramsey, NJ 07446	PM	ENTRY_LEVEL	$60,000 - $99,999 a year
20c0958368072f38	Boot Barn	Assistant Product Manager, Accessories	Irvine, CA 92618 (Irvine Health and Science Complex area)	PM	ENTRY_LEVEL	$25.50 - $26.45 an hour
ffc3a03c99f6f1ae	Dart Container	Product Analyst	Mason, MI 48854	PM	ENTRY_LEVEL	NA
2856d1f9b0f169a5	Lemonlight	Associate Product Manager	Hybrid remote in Los Angeles, CA	PM	ENTRY_LEVEL	NA
c45b1961ebd14de4	Pot + Pan	Food Science + Product Development Manager	Portland, ME 04103 (Riverton area)	PM	ENTRY_LEVEL	$50,245 a year
1c6cd4fa0d9d344a	Qualtrics	Principal Product Marketing Manager - Employee Experience	Hybrid remote in Seattle, WA 98101	PM	ENTRY_LEVEL	Estimated $158K - $200K a year
ab6f225dc3c18a05	Heritage Bank of Commerce	Cash Management Product Specialist II	San Jose, CA	PM	ENTRY_LEVEL	$21.81 - $36.36 an hour
2d3b2ca8aca7a244	doxy.me	Product Manager	Charleston, SC	PM	ENTRY_LEVEL	NA
2cdd10521387adcd	Capital Lumber	Inside Sales/Product Manager	Tacoma, WA 98421 (New Tacoma area)	PM	ENTRY_LEVEL	$50,000 - $70,000 a year
a47a069d694138ac	One Source Suppliers	Product Development Manager	Brooklyn, NY 11233 (Bedford-Stuyvesant area)	PM	ENTRY_LEVEL	$30,000 - $75,000 a year
da66a96fc57a21e5	DOGTOPIA ENTERPRISES LLC	Technical Product Owner with Digital, E-commerce and Salesforce Expertise	Remote in Arizona	PM	ENTRY_LEVEL	NA
e16f7c440fb29d30	Elder Research Inc	Product Owner- TS Clearance (Required)	Tampa, FL 33621 (MacDill AFB area)	PM	ENTRY_LEVEL	NA
f8b369b3ea9c12a6	Fiserv, Inc.	Business Systems Analyst/Product Owner	Berkeley Heights, NJ 07922	PM	ENTRY_LEVEL	NA
0849c7f2c8b33c77	doxy.me	Product Manager	Salt Lake City, UT	PM	ENTRY_LEVEL	NA
cc980c24cd1170d6	doxy.me	Product Manager	Austin, TX	PM	ENTRY_LEVEL	NA
3ea6a25dd17478f4	Warner Bros Careers	Product Manager	Remote in Burbank, CA	PM	ENTRY_LEVEL	$73,150 - $135,850 a year
92efcbe623d643d1	TP ICAP	Product & Business Development Manager	Texas	PM	ENTRY_LEVEL	NA
a4564a3d35cbb3a1	Bally's Interactive - Jersey City	Manager, iGaming Product Marketing Manager	Jersey City, NJ	PM	ENTRY_LEVEL	$75,000 - $105,000 a year
751e57cc067c9b03	doxy.me	Product Manager	Boston, MA	PM	ENTRY_LEVEL	NA
90353b80ad3cff51	doxy.me	Technical Product Manager	Austin, TX	PM	ENTRY_LEVEL	NA
adc37e21b2dc181a	doxy.me	Technical Product Manager	Boston, MA	PM	ENTRY_LEVEL	NA
670dcb342a877afc	Advanced Micro Devices, Inc	Manager Product Development Engineer	Austin, TX 78735 (East Oak Hill area)	PM	ENTRY_LEVEL	NA
b7b3b8b2ab1ab776	Kaplan	Associate Product Manager, Securities	Remote	PM	ENTRY_LEVEL	NA
e544822795825d3e	Infoblox	Director, Product Management	Remote	PM	ENTRY_LEVEL	NA
9e5cba666e997e35	Catalyst Nutraceuticals	Lab Manager - Product Innovation for Nutraceuticals / Supplemental Nutrition	Buford, GA 30518	PM	ENTRY_LEVEL	NA
356991b659d50f84	Zywave	Product Owner - Philippines	Remote	PM	ENTRY_LEVEL	NA
0cf13e928c06d2b7	Reynolds and Reynolds	Product Manager	Dayton, OH	PM	ENTRY_LEVEL	NA
e9744da29f796d7b	Fiserv, Inc.	Product Operations Manager	New York, NY 10004 (Financial District area)	PM	ENTRY_LEVEL	$86,400 - $147,000 a year
25f01e62e3ef6333	Hanes Companies	Product Manager Management Trainee	Conover, NC 28613	PM	ENTRY_LEVEL	NA
9de3880915cf9356	Reynolds and Reynolds	Product Manager	Houston, TX	PM	ENTRY_LEVEL	NA
6f77df93a127fb6d	Reynolds and Reynolds	Product Manager	Dayton, OH 45430	PM	ENTRY_LEVEL	NA
6bc900c98d7b2285	Viventium Software	Product Leader	Remote in United States	PM	ENTRY_LEVEL	NA
b13be602a0886039	Simpson Strong-Tie	Associate Product Manager - Concrete	Remote in Gallatin, TN 37066	PM	ENTRY_LEVEL	$61,600 - $96,100 a year
c8a57203b1194a20	TikTok	User Product Manager-TikTok Connected TV	San Jose, CA	PM	ENTRY_LEVEL	$120,650 - $223,250 a year
2d5b9f9ebb0dc643	Vermeer Corporation	Digital Product Owner I	Hybrid remote in Pella, IA	PM	ENTRY_LEVEL	NA
d05e31c9212db78f	Design Group Americas	Assistant Product Manager	Miami Beach, FL	PM	ENTRY_LEVEL	Estimated $48K - $60.8K a year
83a86967e39f52bf	Riverside Research	Product Owner Proxy	Wright-Patterson AFB, OH	PM	ENTRY_LEVEL	NA
5e37368f0b61deed	Regrow	Principal Product Marketing Manager	Remote	PM	ENTRY_LEVEL	Estimated $101K - $127K a year
85d54bd5a98fc0a8	CDS Analytical LLC	EmporeTM Product Manager and NA Channel Sales Representative	Oxford, PA 19363	PM	ENTRY_LEVEL	Estimated $68K - $86.1K a year
f988cedf03c6469b	Old Navy	Assistant Manager, Product Operations	Monroe, GA	PM	ENTRY_LEVEL	$11.80 - $15.50 an hour
fe2ab1fee43c874a	Wellspring	Product Owner, Renewals	Chicago, IL 60607 (Near West Side area)	PM	ENTRY_LEVEL	NA
7833fba032a3a83f	Riddell	Assistant Product Manager	Des Plaines, IL	PM	ENTRY_LEVEL	NA
59e51d3a3c2dfea0	Afterpay	Product Manager, Marketing Tools	San Francisco, CA	PM	ENTRY_LEVEL	NA
006f230e876d182c	Otodigital.ai	Product Owner	Atlanta, GA	PM	ENTRY_LEVEL	$45.91 - $81.35 an hour
ee14939f0e93a737	KinderCare Education	Product Manager - Digital Channels - Remote Opportunity	Remote in Portland, OR 97204	PM	ENTRY_LEVEL	NA
52104409fcec1191	ASK Consulting	Agile Product Owner - Healthcare Operations	Scottsdale, AZ	PM	ENTRY_LEVEL	NA
6ffe269049e0983f	Deutsche Bank	Product Owner - Assistant Vice President	Remote in Cary, NC	PM	ENTRY_LEVEL	NA
7636beb6805b152c	Thermo Fisher Scientific	Product Manager	Indiana	PM	ENTRY_LEVEL	Estimated $85.5K - $108K a year
1eb13840a48a07ef	Wellspring	Product Owner, Sophia IP Management	Chicago, IL 60607 (Near West Side area)	PM	ENTRY_LEVEL	NA
c5bc3679dfaa977e	Jacobs	Product Owner	Chantilly, VA 20153	PM	ENTRY_LEVEL	NA
0970c44fd5478b70	Roanoke Insurance Group Inc	MRSGNA Regional Product Manager, Logistics Insurance	Long Beach, CA	PM	ENTRY_LEVEL	Estimated $85.7K - $109K a year
5f573886aeef7a8c	Brown Jug	Product Management Associate	Anchorage, AK 99503 (Midtown area)	PM	ENTRY_LEVEL	Estimated $39K - $49.3K a year
e52b05af69694fb7	Belkin	Associate Global Product Marketing Manager	El Segundo, CA	PM	ENTRY_LEVEL	Estimated $65.1K - $82.4K a year
b34cdbcb2fc7f9ba	TWD TradeWinds, Inc	Product Management Associate	Rochester, NY	PM	ENTRY_LEVEL	$48,000 - $56,000 a year
7ac2e99306663177	The Cigna Group	Product Management Lead Analyst - Communications - Express Scripts - Hybrid	St. Louis, MO 63121	PM	ENTRY_LEVEL	NA
f7e2613ed0ad23e9	John Deere	Praktikum Aftermarket Product Management (m/w/d)	Massachusetts	PM	ENTRY_LEVEL	NA
5aa7caad0f735267	Robert F. Henry Tile Company	Marketing and Product Manager	Birmingham, AL 35222 (North Avondale area)	PM	ENTRY_LEVEL	Estimated $72.7K - $92.1K a year
c725bfdc9e60f5c6	The Estée Lauder Companies	Assistant Manager, Product Marketing - Clinique	New York, NY	PM	ENTRY_LEVEL	$71,000 - $106,000 a year
c471c97eb15fd3ac	Bellevue College	Certified Scrum Master & Scrum Product Owner Part-Time Instructor	Bellevue, WA 98007 (Eastgate area)	PM	ENTRY_LEVEL	$40.41 - $80.00 an hour
c778e32db1df20f8	Tekshapers Inc	Product Owner (Automotive Domain)	Remote in Atlanta, GA 30302	PM	ENTRY_LEVEL	From $50 an hour
d9cc7578ee51d0ec	ASK Consulting	Agile Product Owner (Healthcare)	Scottsdale, AZ	PM	ENTRY_LEVEL	NA
14b6b6403972c92a	The Cigna Group	Product Management Lead Analyst – Centene Operations Management - Express Scripts - Hybrid	St. Louis, MO 63110 (Botanical Heights area)	PM	ENTRY_LEVEL	NA
5baa4690d41d325c	Simpson Strong-Tie	Associate Product Manager - Concrete	Remote in McKinney, TX 75069	PM	ENTRY_LEVEL	$61,600 - $96,100 a year
9e88d2b77f422614	Hanes Companies	Product Manager Management Trainee	Winston-Salem, NC 27101	PM	ENTRY_LEVEL	NA
2c591f7f07f207b5	Simpson Strong-Tie	Associate Product Manager - Concrete	Remote in Columbus, OH 43228	PM	ENTRY_LEVEL	$61,600 - $96,100 a year
831e26191815bc65	Infoblox	Director, Product Management	Dallas, TX	PM	ENTRY_LEVEL	NA
2ddd4fa1cd2ffe7b	Physicians Mutual	Pricing Actuary - Product Management	Omaha, NE 68131	PM	ENTRY_LEVEL	NA
d2a6c3ac5fadb08e	Simpson Strong-Tie	Associate Product Manager - Concrete	Remote in Pleasanton, CA 94588	PM	ENTRY_LEVEL	$61,600 - $96,100 a year
b7337b481ebe136a	Jacobs	Product Owner	Chantilly, VA 20153	PM	ENTRY_LEVEL	NA
92b47754dff0fb66	The Cigna Group	Product Management Lead Analyst – Communications - Express Scripts - Hybrid	St. Louis, MO 63110 (Botanical Heights area)	PM	ENTRY_LEVEL	NA
2e4f34f7ead3cedb	The Cigna Group	Product Management Lead Analyst - Communications - Express Scripts - Hybrid	Bloomington, MN	PM	ENTRY_LEVEL	NA
68cae4aa68eebca1	The Cigna Group	Product Management Lead Analyst – Communications - Express Scripts - Hybrid	Bloomington, MN	PM	ENTRY_LEVEL	NA
2baec8b91c2856cf	The Cigna Group	Product Management Lead Analyst - Communications - Express Scripts - Hybrid	Bloomfield, CT	PM	ENTRY_LEVEL	NA
b730df9f2a47f1df	The Cigna Group	Product Management Lead Analyst - Communications - Express Scripts - Hybrid	Morris Plains, NJ 07950	PM	ENTRY_LEVEL	NA
1993f737c95c9685	The Cigna Group	Product Management Lead Analyst – Communications - Express Scripts - Hybrid	Morris Plains, NJ 07950	PM	ENTRY_LEVEL	NA
6412187d0a49373f	The Cigna Group	Product Management Lead Analyst – Centene Operations Management - Express Scripts - Hybrid	Morris Plains, NJ 07950	PM	ENTRY_LEVEL	NA
508583c8367ea55d	The Cigna Group	Product Management Lead Analyst – Centene Operations Management - Express Scripts - Hybrid	Bloomington, MN	PM	ENTRY_LEVEL	NA
d32ffc04a4780fd7	Kroger Tech & Digital	PRODUCT MANAGER - INVENTORY VISIBILITY	Blue Ash, OH	PM	ENTRY_LEVEL	NA
9f0ce45642c8d620	Velocity Vehicle Group	Product Support Manager, Velocity EV	Whittier, CA 90601	PM	ENTRY_LEVEL	$150,000 - $175,000 a year
e8e365c907228c19	Atlassian	Associate Product Manager, 2024 Graduate U.S.	Mountain View, CA 94041	PM	ENTRY_LEVEL	NA
d8c6c5932ae3af21	Magic Hat Consulting	Pharmaceutical Product Launch Consultants, Managers and Directors	Fort Washington, PA	PM	ENTRY_LEVEL	Estimated $98.8K - $125K a year
2958ecdbbda7d01f	One Inc Software Corporation	Product Management, Strategic Partnerships	Remote in California	PM	ENTRY_LEVEL	$140,000 - $160,000 a year
36e10f7b7142cb75	Labcorp	Product Owner - Commerce	Research Triangle Park, NC 27709	PM	ENTRY_LEVEL	NA
b5796c253ed4a6b5	Chilipay Limited	Product Owner	Malta, MT	PM	ENTRY_LEVEL	NA
249e6ab2ecb0a273	Broan-NuTone LLC	Product Manager Fresh Air Systems (4958)	Hartford, WI 53027	PM	ENTRY_LEVEL	NA
9bb62d6941ea396b	AZOVA INC	Product Manager with Healthcare Education Background	Alpine, UT 84004	PM	ENTRY_LEVEL	NA
f9c60086033ee1d6	Eaton	ReSurge Program: Assistant Product Manager - Digital	Menomonee Falls, WI	PM	ENTRY_LEVEL	$77,249.97 - $113,299.96 a year
cd428fe9fbe09502	Caresoft Inc	Product Manager	New York, NY 10001 (Chelsea area)	PM	ENTRY_LEVEL	$64 an hour
4cb85c88b927d1f6	Afterpay	Product Manager, c=	San Francisco, CA	PM	ENTRY_LEVEL	NA
cd3647d76fe6ce53	ChabezTech	Product Owner - W2 -Onsite	Richmond, VA 23229 (University of Richmond area)	PM	ENTRY_LEVEL	$59,692.91 - $140,872.09 a year
306e5a581009ffa2	Meyer Corp. US	Product Portfolio Manager (Housewares)	Vallejo, CA 94590	PM	ENTRY_LEVEL	NA
08f583b1d1c95f17	Webull Financial	Product Owner	Saint Petersburg, FL	PM	ENTRY_LEVEL	NA
e7ce55e8c068a81d	T.D. Williamson, Inc.	Product Owner	Salt Lake City, UT	PM	ENTRY_LEVEL	NA
eb088c70bf6b196f	The Aubuchon Company	Product Category Manager	Westminster, MA	PM	ENTRY_LEVEL	From $55,000 a year
e8128d53fece6d10	CEN LLC	Product Development - Asst Manager	Ontario, CA 91761	PM	ENTRY_LEVEL	From $26 an hour
d579727292c93542	Metric Insights	Product Manager	San Francisco, CA 94105 (Financial District/South Beach area)	PM	ENTRY_LEVEL	NA
7138d4b050e61a6e	Baldor Specialty Foods	Product Manager - eCommerce	Hybrid remote in Bronx, NY 10474	PM	ENTRY_LEVEL	$125,000 - $150,000 a year
a706206c7e8fff89	Atria Physician Practice New York PC	Product Manager, Care Delivery Platform	New York, NY	PM	ENTRY_LEVEL	$160,000 - $180,000 a year
b25c0d3564638f69	Motorola Solutions	Associate Product Manager	Remote in Texas	PM	ENTRY_LEVEL	NA
4f018e883504c4ef	RADcube, LLC	Product Owner	Indianapolis, IN	PM	ENTRY_LEVEL	NA
74b6d3761d3e989b	Gartner	Associate Product Manager	Irving, TX	PM	ENTRY_LEVEL	$68,800 - $96,600 a year
73210cf1ac08756e	Stuller, Inc.	Tools Assistant Product Manager	Lafayette, LA 70508	PM	ENTRY_LEVEL	NA
4621af5e0ede8a01	Boasso	Technical Product Owner	Tampa, FL 33602 (Downtown area)	PM	ENTRY_LEVEL	NA
766ef0c61c3f40a9	Capital Group Companies	Product Specialist - Investment Product Management	New York, NY	PM	ENTRY_LEVEL	$99,025 - $158,440 a year
7fb4761f5dd0392e	Ikigai Labs, Inc.	Product Manager - Apps/Machine Learning	San Francisco, CA	PM	ENTRY_LEVEL	NA
bc4a0403991fc5c5	Blake Equipment	Water Treatment Product Manager	Springfield, MA	PM	ENTRY_LEVEL	$100,000 - $150,000 a year
6e2749fdcc95990e	Albertsons Companies	Technical Product Owner (Retail Media)	Hybrid remote in Pleasanton, CA 94588	PM	ENTRY_LEVEL	$99,000 - $128,520 a year
cc013f44f40a04f2	LifeServe Blood Center	Product Management Technician	Des Moines, IA 50309 (East Village area)	PM	ENTRY_LEVEL	$16 - $17 an hour
b8b257ce7c2c6479	TheLab	Product Manager / Technical Producer - E-Commerce	Hybrid remote in Brooklyn, NY 11201	PM	ENTRY_LEVEL	$65,000 - $80,000 a year
29cf0b0e693f236b	Eaton	ReSurge Program: Assistant Product Manager - Digital	Coraopolis, PA 15108	PM	ENTRY_LEVEL	$77,249.97 - $113,299.96 a year
528cd82402d2bef7	University of Cincinnati	Manager, Product Management, Hoxworth Blood Center	Cincinnati, OH	PM	ENTRY_LEVEL	NA
883b1972b51bbd36	Bank of America	Head of Product Management, IT Service Management	Charlotte, NC 28202 (Third Ward area)	PM	ENTRY_LEVEL	Estimated $122K - $154K a year
da9632c92d8aafb6	Flexential Corp	Product Owner - SIO	Aurora, CO 80014 (Dam East-West area)	PM	ENTRY_LEVEL	NA
484499d0ecd09431	Techflairs	Technical Product Owner	Hybrid remote in Washington, DC 20024	PM	ENTRY_LEVEL	$104,684.36 - $126,071.48 a year
5b143b6f48fe379b	Xe	Associate Product Manager	Hybrid remote in Denver, CO	PM	ENTRY_LEVEL	$70,000 - $100,000 a year
1a3859275e829fdb	TrellisWare Technologies, Inc	Product Manager - Software Defined Radios & Accessories	San Diego, CA 92131 (Sabre Springs area)	PM	ENTRY_LEVEL	$110,000 - $175,000 a year
4ca290d4739dcabd	Blake Equipment	Water Treatment Product Manager	Albany, NY	PM	ENTRY_LEVEL	$100,000 - $150,000 a year
2c7cd9c7cc43626a	Blake Equipment	Water Treatment Product Manager	Portland, ME	PM	ENTRY_LEVEL	$100,000 - $150,000 a year
c95933fbcadd8b02	Blake Equipment	Water Treatment Product Manager	Burlington, VT	PM	ENTRY_LEVEL	$100,000 - $150,000 a year
e4e9718b19b8ae48	Specialisterne	Associate, Technology & Strategy Product Manager	Pittsburgh, PA 15258 (Central Business District area)	PM	ENTRY_LEVEL	$60,000 - $90,000 a year
f31d988247bca45c	Capital Group Companies	CAMPUS: Global Product Strategy & Development Summer Associate (2024)	Los Angeles, CA	PM	ENTRY_LEVEL	$30 an hour
927fd022f27e0b83	Blake Equipment	Water Treatment Product Manager	Hartford, CT	PM	ENTRY_LEVEL	$100,000 - $150,000 a year
343b128134809dc5	Blake Equipment	Water Treatment Product Manager	Syracuse, NY	PM	ENTRY_LEVEL	$100,000 - $150,000 a year
0ab9bd56f3471f29	Global Atlantic Financial Group	Product Development and Management - Actuarial Analyst	Hybrid remote in Hartford, CT 06103	PM	ENTRY_LEVEL	$51,000 - $97,000 a year
69cfeec1e06894be	Blake Equipment	Water Treatment Product Manager	Providence, RI	PM	ENTRY_LEVEL	$100,000 - $150,000 a year
4a428154077cc173	Specialisterne	Associate, Technology & Strategy Product Manager	Washington, DC 20005 (Logan Circle area)	PM	ENTRY_LEVEL	$60,000 - $90,000 a year
aad4c7e5c9ba1e38	Blake Equipment	Water Treatment Product Manager	Boston, MA	PM	ENTRY_LEVEL	$100,000 - $150,000 a year
cb29615096844382	Earnest Current Job Openings	Product Manager, Acquisition - Remote, US	Remote in San Francisco, CA	PM	ENTRY_LEVEL	$150,900 - $188,625 a year
bdb1485fa33abe1b	BayOne	Specialist- Data Analyst	San Francisco, CA	PM	ENTRY_LEVEL	Estimated $83K - $105K a year
1de64b9e252b5ce4	Objective, Inc.	Product Management Lead	Remote	PM	ENTRY_LEVEL	NA
11b719d594042b92	BayOne	Operations Engineer	Georgia	PM	ENTRY_LEVEL	Estimated $99.9K - $127K a year
ed146ec62be42368	BayOne	Software QA Engineer - Senior	United States	PM	ENTRY_LEVEL	NA
b38b76169bf1eef4	Bellese	Product Owner (Contingent upon contract award)	Remote in United States	PM	ENTRY_LEVEL	NA
78ca95b2639693b3	Health Rhythms	Product Marketing Manager	Remote	PM	ENTRY_LEVEL	Estimated $102K - $129K a year
1d7f55923ab888a5	Uline	Product Management Analyst	Pleasant Prairie, WI 53158	PM	ENTRY_LEVEL	NA
18121b358fd731e8	BayOne	Business System Analyst - Marketing	San Francisco, CA	PM	ENTRY_LEVEL	Estimated $80.1K - $101K a year
f61319c7a3867c4e	Apg Cash Drawer Llc	Product Manager	Minneapolis, MN 55421	PM	ENTRY_LEVEL	Estimated $59.5K - $75.3K a year
432295285ec5f11a	BayOne	Data Engineer	California	PM	ENTRY_LEVEL	Estimated $119K - $150K a year
98599c7cf5378e32	Pentland Brands	Product Development Manager – Speedo USA	Cypress, CA	PM	ENTRY_LEVEL	Estimated $115K - $146K a year
9a83e65706cf1cfa	Hill Valley Inc	Product Placement – Project Manager	Los Angeles, CA 90034 (Palms area)	PM	ENTRY_LEVEL	$40,000 - $60,000 a year
a277882d10ce6a2f	365 Retail Markets	Product Owner – Product Management	Hybrid remote in Michigan	PM	ENTRY_LEVEL	NA
6cd95406b432989d	SEE Eyewear	Product Development & Inventory Management	Southfield, MI 48075	PM	ENTRY_LEVEL	NA
66abadc0c64516e1	ROSEN Group	Product Owner	Hybrid remote in Columbus, OH 43230	PM	ENTRY_LEVEL	NA
c040af1a98b7ccd7	NIBCO INC.	Marketing / Product Management Trainee	Elkhart, IN 46516	PM	ENTRY_LEVEL	Estimated $62.2K - $78.7K a year
0b52d164983f7319	Infucare Rx Inc on behalf of itself and its...	Product Manager	Fairfield, NJ 07004	PM	ENTRY_LEVEL	NA
0ed73aa68d4359c5	National Guardian Life Insurance Company	Product Owner	Madison, WI 53703 (Capitol area)	PM	ENTRY_LEVEL	NA
a92e065b6be9e9ce	Ingersoll Cutting Tool Company	Assistant Product Manager, IT.TE.DI Product Line	Rockford, IL 61108	PM	ENTRY_LEVEL	NA
25fa795634a5076c	Lord Abbett.com	Investment Product Management Specialist	Jersey City, NJ 07302 (The Waterfront area)	PM	ENTRY_LEVEL	$105,000 - $120,000 a year
300d59b880cbae82	Qualtrics	Principal Product Marketing Manager, Strategy & Research	Hybrid remote in Seattle, WA 98101	PM	ENTRY_LEVEL	Estimated $155K - $197K a year
78512afe95279667	The Bristol Group	Product Development Manager	Secaucus, NJ 07094	PM	ENTRY_LEVEL	$50,000 - $60,000 a year
e88889a1c44ac397	Grayce	Graduate Product Manager	Gaithersburg, MD	PM	ENTRY_LEVEL	$52,500 a year
f7e37598caef0552	The Bristol Group	Sourcing and Product Development Manager	Secaucus, NJ 07094	PM	ENTRY_LEVEL	$50,000 - $60,000 a year
480e5aec69d2f325	HealthFirst	Product Strategy Analyst - Medicaid	New York, NY 10007 (Tribeca area)	PM	ENTRY_LEVEL	NA
88af13bf52e46c20	Qualtrics	Principal Product Marketing Manager, Digital Customer Experience Products	Hybrid remote in Seattle, WA 98101	PM	ENTRY_LEVEL	Estimated $114K - $145K a year
8fcd16222abc6da8	Meta	Product Manager, Machine Learning	Menlo Park, CA 94025	PM	ENTRY_LEVEL	$171,000 - $232,000 a year
d2ff66a5d87a72f4	Boise Cascade Company	International Division Product Manager	Boise, ID 83705 (Vista area)	PM	ENTRY_LEVEL	$84,700 - $164,500 a year
27f149790898c1ef	Level	Product Lead, Transactions	Remote	PM	ENTRY_LEVEL	NA
0bc995a41c2439b1	Amazon.com Services LLC	Principal Product Manager - Tech, Delivery Choices - Consolidation	Bellevue, WA	PM	ENTRY_LEVEL	From $144,000 a year
f14030483f0a717c	ShiftKey	Product Design Manager	Remote in Austin, TX	PM	ENTRY_LEVEL	NA
599d313314f9b1ea	JAM Industries Ltd.	Product Line Manager	Berlin, CT	PM	ENTRY_LEVEL	Estimated $55.9K - $70.8K a year
24def00e629d73e8	Salesloft	Product Enablement Manager IV	Hybrid remote in Atlanta, GA	PM	ENTRY_LEVEL	$99,000 - $169,000 a year
1f085e0325d00ed5	Breezeline	Product Manager	Hybrid remote in Quincy, MA	PM	ENTRY_LEVEL	NA
44d35a4ab2d670d1	Mastercard	Lead Product Management Technical	O'Fallon, MO 63368	PM	ENTRY_LEVEL	NA
f0ad6aeceaa272db	DTCC	Product Management Analyst [2024 EDGE Program]	Hybrid remote in Tampa, FL 33647	PM	ENTRY_LEVEL	NA
d0aaed83c9e04693	Apollo.io	Manager of Product Analytics & Data Science	Remote	PM	ENTRY_LEVEL	NA
cf156b028586c6b5	Lennox International	Brand/Product Manager II	Hybrid remote in Richardson, TX 75080	PM	ENTRY_LEVEL	$64,000 - $85,000 a year
241281f6bd82cbac	ShipMonk	Product Marketing Manager	Fort Lauderdale, FL	PM	ENTRY_LEVEL	Estimated $81.1K - $103K a year
0cfa5b1f46b4c3eb	RSM US LLP	Audit Product Owner - Remote	Remote	PM	ENTRY_LEVEL	$102,200 - $189,200 a year
c32ff77a45f561fb	RLDatix	Head of Product Management - Healthcare Required - Go To Market	United States	PM	ENTRY_LEVEL	NA
795732b41203d809	Capital Group Companies	Wealth Management Product Specialist	Los Angeles, CA	PM	ENTRY_LEVEL	$80,020 - $128,032 a year
ff331589e60f74d1	Boehringer Laboratories, LLC.	Associate Product Manager	Phoenixville, PA 19460	PM	ENTRY_LEVEL	NA
f2f3e6882dd5d54c	Lerner Management Consulting	Senior Product Manager	Dallas, TX	PM	ENTRY_LEVEL	NA
1d249341724f224a	City of South Bend	Product Manager	Hybrid remote in South Bend, IN 46601	PM	ENTRY_LEVEL	$55,000 - $61,000 a year
4229c037ebe52c13	Realign LLC	Product Owner - Hardware Validation and Strategy	Sunnyvale, CA	PM	ENTRY_LEVEL	NA
b16e0a0326bea9f3	Connection	Product Management Coord - PCC	Merrimack, NH 03054	PM	ENTRY_LEVEL	From $21.63 an hour
e392d45efe7992c3	Meyer Corp. US	Brand Product Manager (Consumer Goods)	Vallejo, CA 94590	PM	ENTRY_LEVEL	Estimated $85.9K - $109K a year
6b6285c371f06898	Pinnacle Technical Resources	Product Manager V	Menlo Park, CA 94025	PM	ENTRY_LEVEL	From $90 an hour
d64b1d5d4c337299	Veritis Group Inc	Infor Product Manager	Remote	PM	ENTRY_LEVEL	$50 - $60 an hour
6a9b22b2e3555c32	CPSI	Product Owner: CSAT Squad (Providing Care Unit)	Remote	PM	ENTRY_LEVEL	NA
34cb38425e7833e9	Tory Burch	Manager, Product Development - Handbags & SLGs	New York, NY 10012 (SoHo area)	PM	ENTRY_LEVEL	$95,000 - $135,000 a year
333327e74337d0d5	SKUx	Product Owner	Saint Petersburg, FL 33701 (Downtown area)	PM	ENTRY_LEVEL	NA
0e08dc1cfb37842d	Hussmann Corporation	Junior Product Manager	Suwanee, GA 30024	PM	ENTRY_LEVEL	NA
f3705d31894a974e	Proteor	Associate Product Manager	Irvine, CA 92630 (East Industrial Complex area)	PM	ENTRY_LEVEL	$85,000 - $110,000 a year
39c304554c3ef71f	CData Software	Product Owner	Chapel Hill, NC	PM	ENTRY_LEVEL	NA
4d0374e9419d4a19	Weights & Biases	Technical Product Marketing Manager - US (Remote)	Remote in San Francisco, CA	PM	ENTRY_LEVEL	Estimated $135K - $171K a year
17e527deaa35bfba	Atria Physician Practice New York PC	Product Manager, Member Experience	New York, NY	PM	ENTRY_LEVEL	$160,000 - $180,000 a year
322d3aca2ea0a8f2	Empire Building Materials	Product Manager - Millwork and Door Sales	Missoula, MT 59808 (Rose Park area)	PM	ENTRY_LEVEL	$50,000 - $100,000 a year
447d54144174c5dc	CData Software inc	Product Owner	North Carolina	PM	ENTRY_LEVEL	NA
daf33acf1cbd8f92	Aviture	Product Owner	Hybrid remote in Omaha, NE 68138	PM	ENTRY_LEVEL	NA
eb52a379399ada8c	Baldor Specialty Foods	Product Manager – Supply Chain	Hybrid remote in Bronx, NY 10474	PM	ENTRY_LEVEL	$125,000 - $150,000 a year
74cf5c96bf9970d1	instantvob, llc	Product Manager	Palm Springs, FL 33461	PM	ENTRY_LEVEL	From $50,000 a year
6931a797d5880b1f	iTradeNetwork	Product Marketing Manager	Chicago, IL	PM	ENTRY_LEVEL	Estimated $87.3K - $111K a year
d73cf58161367a1c	Stanley Black & Decker	Associate Product Manager - Wood Fasteners	Hybrid remote in Towson, MD	PM	ENTRY_LEVEL	NA
e10a854808f6f19d	Southern Veterinary Partners	IT Product Owner	Birmingham, AL 35209	PM	ENTRY_LEVEL	NA
fadb00b495e2066c	Capital Group Companies	CAMPUS: Solutions Engineer: Investment Group Technologies Product Management (2024)	Irvine, CA	PM	ENTRY_LEVEL	$74,826 - $119,722 a year
c7fb9535b3896b23	Rapsodo	Diamond Sports Associate Product Manager	St. Louis, MO	PM	ENTRY_LEVEL	NA
b3ef95819a379d8c	CPSI	Product Owner: Support Squad (Providing Care Unit)	Remote	PM	ENTRY_LEVEL	NA
a4821c6c905d89bc	EDB	Product Manager (Kubernetes)	Remote	PM	ENTRY_LEVEL	Estimated $114K - $144K a year
793e17c1dd9345ca	Warner Bros. Discovery	SVP Product Management	Culver City, CA 90232	PM	ENTRY_LEVEL	$290,500 - $539,500 a year
c3113cf4364c005e	Sandvik	Product Line Manager, Batteries & Chargers	Camarillo, CA 93012	PM	ENTRY_LEVEL	$138,776 - $208,164 a year
945e618e2d4e3747	Telestream, LLC	Associate Product Marketing Manager	Remote	PM	ENTRY_LEVEL	Estimated $109K - $138K a year
504a254ed7045862	Amberjack for IMI Plc	Product Management Graduate	University Park, IL	PM	ENTRY_LEVEL	$81,250 a year
04f1bb502df1f989	Advanced Micro Devices, Inc	Product Development Program Manager	Austin, TX 78735 (East Oak Hill area)	PM	ENTRY_LEVEL	NA
1f18f9ba9fefb38c	Micron	Technical Program Manager, SSD Product Development	Longmont, CO	PM	ENTRY_LEVEL	$163,072 - $227,000 a year
97e8538524da49f6	DDM GROUP LLC	Product Marketing Manager	Atlanta, GA 30339	PM	ENTRY_LEVEL	Estimated $73.2K - $92.7K a year
0e8e0904c2f79da9	Warner Bros. Discovery	SVP Product Management	Culver City, CA 90232	PM	ENTRY_LEVEL	$290,500 - $539,500 a year
ce8b92b37eb90fe1	Warner Bros. Discovery	SVP Product Management	Culver City, CA 90232	PM	ENTRY_LEVEL	$290,500 - $539,500 a year
710e79e96d5db2b8	Warner Bros. Discovery	SVP Product Management	Culver City, CA 90232	PM	ENTRY_LEVEL	$290,500 - $539,500 a year
5216727170ca79c3	Warner Bros. Discovery	SVP Product Management	Culver City, CA 90232	PM	ENTRY_LEVEL	$290,500 - $539,500 a year
35e0dd0e5a9b5b47	Anderson-Negele	Associate Product Manager	Hybrid remote in Spartanburg, SC	PM	ENTRY_LEVEL	$61,300 - $113,900 a year
4f4da1d1d656de19	Hill Valley Inc	Product Placement Manager	New York, NY	PM	ENTRY_LEVEL	Estimated $62.2K - $78.7K a year
775aa28e620155af	Advanced Micro Devices, Inc	Foundry Technology Product Owner	Austin, TX 78735 (East Oak Hill area)	PM	ENTRY_LEVEL	NA
4d829f65a4aca060	Combined Insurance	AVP Claims Product Owner	Jersey City, NJ	PM	ENTRY_LEVEL	NA
f0a2dafb72643ceb	GitLab	Program Manager, Product Division (Monetization)	Remote	PM	ENTRY_LEVEL	$104,100 - $186,000 a year
f464561bf83a5110	Discover Financial Services	Principal Payment Product Management	Riverwoods, IL 60015	PM	ENTRY_LEVEL	$88,500 - $149,300 a year
2a4487ad2cd925ae	Upwork	Product Manager, Enterprise Solutions	Remote in San Francisco, CA	PM	ENTRY_LEVEL	NA
33500ed41a7b15b0	Emory Healthcare	Data Analytics Product Manager	Atlanta, GA 30345	PM	ENTRY_LEVEL	$23.80 - $74.52 an hour
063272bc0c9cfe8b	MONDRAKER	PRODUCT MARKETING MANAGER UNITED STATES	Denver, CO	PM	ENTRY_LEVEL	Estimated $99K - $125K a year
f4d5d8a89ecb29c1	Soho Studio LLC	Product Coordinator	Inwood, NY 11096	PM	ENTRY_LEVEL	$55,000 - $60,000 a year
d38b4c5f7f8ee495	Agama Solutions	Tech Product Owner	Phoenix, AZ	PM	ENTRY_LEVEL	NA
460c3c0f468f41db	Staffbase	Product Marketing Manager	Hybrid remote in Minneapolis, MN 55402	PM	ENTRY_LEVEL	Estimated $103K - $131K a year
bf92677a730b4341	Western Union	Product Owner, Core - Denver, CO	Denver, CO 80237 (Southeastern Denver area)	PM	ENTRY_LEVEL	$74,500 - $127,000 a year
8581c54b67b84b43	AIC Inc.	Product Manager	Walnut, CA 91789	PM	ENTRY_LEVEL	$60,000 - $160,000 a year
b4efaf20ab8233ad	BAE Systems	Small Form Factor Product Line Affordability Operations Program Manager 1	Nashua, NH 03060	PM	ENTRY_LEVEL	$89,650 - $152,460 a year
267af370dcb55882	Costco Wholesale	IT Product Owner – BI & Analytics Ecom	Seattle, WA 98134 (Industrial District area)	PM	ENTRY_LEVEL	$90,000 - $115,000 a year
cf115de6cff0d5bb	Workfully	Product Owner for a VC-backed Startup	Remote in Chicago, IL 60604	PM	ENTRY_LEVEL	NA
5f9ee70666a06255	ASSOCIATED PACKAGING INCORPORATED	NetSuite Product Owner	Gallatin, TN 37066	PM	ENTRY_LEVEL	NA
0d4be3ff6ddafe66	CSI Works	B2B Product Support Manager	Hybrid remote in San Diego, CA 92121	PM	ENTRY_LEVEL	$61,892.34 - $74,537.02 a year
c291d19d37bcab20	VESUVIUS INC	Product Manager (Steel Manufacturing)	Conneaut, OH	PM	ENTRY_LEVEL	From $100,000 a year
c5520a624382de2b	ICP Group	Junior Product Manager	Andover, MA 01810	PM	ENTRY_LEVEL	Estimated $79.9K - $101K a year
89824d1ddb5d2a90	Alkami Technology	Manager, Product Management (Platform Services)	Remote in Plano, TX 75024	PM	ENTRY_LEVEL	NA
609199bf1299a430	ASI Computer Technologies	Associate Product Manager	Walnut, CA 91789	PM	ENTRY_LEVEL	Estimated $72.5K - $91.8K a year
7e93afa2e61f66da	JR286	Associate Product Line Manager	Torrance, CA 90502	PM	ENTRY_LEVEL	Estimated $66.1K - $83.6K a year
3e83adcd5d76fb4a	Vanness Inc.	E-Commerce Product listing manager and photographer	Little Rock, AR 72204 (Westwood-Pecan Lake area)	PM	ENTRY_LEVEL	$15 - $17 an hour
1b16d795f1e6e017	Purple Carrot	Product Manager	Boston, MA	PM	ENTRY_LEVEL	NA
03eaa06abf53f047	Dermatology Institute	Medical Esthetician and Product Sales Manager	Chula Vista, CA 91910 (Northwest area)	PM	ENTRY_LEVEL	$15 - $20 an hour
106d3bd2c1fc8088	USU Group	Product Manager (f/d/m)	Remote in Chebeague Island, ME 04017	PM	ENTRY_LEVEL	NA
7718ecdbdbc3f0bc	Gap Inc.	Assistant Manager, Product Operations	Brooklyn, NY 11239 (East Brooklyn area)	PM	ENTRY_LEVEL	$26.50 - $36.40 an hour
e8270f4924b2881c	Connect	Product Manager TECH - Puerto Rico	Hybrid remote in San Juan, PR	PM	ENTRY_LEVEL	NA
78f137ff1a506c4d	Intone Networks	Product Owner - Software Operations	Plano, TX 75023	PM	ENTRY_LEVEL	NA
786eda74be328e66	Beacon Roofing Supply	Commercial Product Manager	Indianapolis, IN 46226 (Arlington Woods area)	PM	ENTRY_LEVEL	NA
4ef1aab83abc8e12	Prochant US	Associate Product Manager	Charlotte, NC	PM	ENTRY_LEVEL	NA
0872b595783d9666	Arthrex	Summer Associate - Product Management	Naples, FL 34108	PM	ENTRY_LEVEL	Estimated $84.3K - $107K a year
cb0602ef6787df59	Arthrex	Associate Product Manager - Orthobiologics	Naples, FL 34108	PM	ENTRY_LEVEL	Estimated $70.7K - $89.6K a year
465ce543a3caa4b7	CSAA Insurance Group	Manager, State Product - Remote	Remote in Arizona	PM	ENTRY_LEVEL	NA
8ca6c8633dbf9e26	Arthrex	Associate Product Manager, Knee	Naples, FL 34108	PM	ENTRY_LEVEL	Estimated $72.4K - $91.7K a year
222846d44c3160a0	Ltimindtree Limited	ServiceNow Product Manager	Remote in Pleasanton, CA 94588	PM	ENTRY_LEVEL	$130,000 - $170,000 a year
76ec294d0f8644a1	Atlassian	Principal Product Marketing Manager, AI	Remote in San Francisco, CA 94104	PM	ENTRY_LEVEL	Estimated $138K - $175K a year
077df4b0a32ef34b	Colson Group	Product Manager	Bedford Heights, OH 44146	PM	ENTRY_LEVEL	NA
a55819c017e75c10	U Brands	Asst. Product Manager	Hybrid remote in San Juan Capistrano, CA 92675	PM	ENTRY_LEVEL	Estimated $116K - $147K a year
ff3601c701dd8d26	Döhler	Global Product Manager (m/f/d) Taste Modulation	New Brunswick, NJ	PM	ENTRY_LEVEL	Estimated $73.5K - $93K a year
764b43bc27a63e3e	Tesla	Product Manager, Residential Energy (B2B Software)	Palo Alto, CA	PM	ENTRY_LEVEL	NA
959e1e038914eacf	My Bambu	Product Manager	West Palm Beach, FL 33401	PM	ENTRY_LEVEL	$110,000 a year
0ebfe3900e0bef12	Everett Auto Team	Automotive Sales Manager Trainee/Product Specialist	Morganton, NC 28655	PM	ENTRY_LEVEL	$6,000 - $10,000 a month
6f085019cd563e45	MyBambu	Product Manager	West Palm Beach, FL 33401	PM	ENTRY_LEVEL	From $110,000 a year
d1e640a665f36a9a	Hafele America Co.	Product & Category Manager - Illuminations	Archdale, NC 27263	PM	ENTRY_LEVEL	Estimated $69.3K - $87.7K a year
9436172b38ed1385	Cognex Corporation	2024 Campus Recruitment - Product Management Development Program	Natick, MA	PM	ENTRY_LEVEL	NA
41c3eed5f38857dc	Kemper	Market Analyst, Product Management University	Hybrid remote in Alpharetta, GA 30022	PM	ENTRY_LEVEL	Estimated $76.3K - $96.6K a year
2582a5655cfcbd76	VK Design	Manager - National Product Distribution	North Platte, NE	PM	ENTRY_LEVEL	$60,000 - $80,000 a year
f24d974b84cfabf9	Great Plains Mfg	Associate Product Manager	Salina, KS 67401	PM	ENTRY_LEVEL	NA
ef23839d41ae1473	Connect	Product Manager TECH - Puerto Rico	Hybrid remote in San Juan, PR	PM	ENTRY_LEVEL	NA
09ee3da4a8ca1cdc	Kemper	Market Analyst, Product Management University	Alpharetta, GA 30022	PM	ENTRY_LEVEL	Estimated $75K - $95K a year
ebeb65dbc0fdbee3	Planet Tan	Product & Membership Sales Assistant Manager	Murphy, TX 75094	PM	ENTRY_LEVEL	Estimated $31.2K - $39.5K a year
1752bf2b21c866f2	Planet Tan	Product & Membership Sales Assistant Manager	McKinney, TX 75071	PM	ENTRY_LEVEL	Estimated $31.2K - $39.5K a year
9591f18c2d73e20d	Planet Tan	Product & Membership Sales Assistant Manager	Allen, TX 75013	PM	ENTRY_LEVEL	Estimated $31.2K - $39.5K a year
ef9985bfc5b65789	Planet Tan	Product & Membership Sales Assistant Manager	N Richland Hills, TX 76182 (Eastside area)	PM	ENTRY_LEVEL	Estimated $31.2K - $39.5K a year
bb785fc54174f4e6	Planet Tan	Product & Membership Sales Assistant Manager	Flower Mound, TX 75028	PM	ENTRY_LEVEL	Estimated $31.2K - $39.5K a year
b347910891c196d9	Planet Tan	Product & Membership Sales Assistant Manager	Little Elm, TX 75068	PM	ENTRY_LEVEL	Estimated $31.2K - $39.5K a year
7762a2f20b117912	Planet Tan	Product & Membership Sales Assistant Manager	Frisco, TX 75034	PM	ENTRY_LEVEL	Estimated $31.2K - $39.5K a year
b9fada90d8fd8874	Planet Tan	Product & Membership Sales Assistant Manager	Euless, TX 76039	PM	ENTRY_LEVEL	Estimated $31.2K - $39.5K a year
b9566e95f9f2a62d	Planet Tan	Product & Membership Sales Assistant Manager	Fort Worth, TX 76137 (Summerfields area)	PM	ENTRY_LEVEL	Estimated $31.2K - $39.5K a year
7b345970324af4fd	Planet Tan	Product & Membership Sales Assistant Manager	Dallas, TX 75254 (Far North area)	PM	ENTRY_LEVEL	Estimated $31.9K - $40.4K a year
de9fb161c478d27d	Planet Tan	Product & Membership Sales Assistant Manager	Dallas, TX 75204 (Uptown area)	PM	ENTRY_LEVEL	From $17 an hour
39ee5a37606905c0	TikTok	Product Manager - Ecosystem Governance & Strategy (TikTok LIVE)	Los Angeles, CA	PM	ENTRY_LEVEL	$132,696 - $215,080 a year
93953b9b0a85ef22	Amazon.com Services LLC	Principal Product Manager - Tech, SCOT Promise	Bellevue, WA	PM	ENTRY_LEVEL	From $144,000 a year
032fb8c6c6a20a25	Hewlett Packard Enterprise	Product Management Graduate	Spring, TX 77389	PM	ENTRY_LEVEL	$74,400 - $171,100 a year
20f2e600ce31b161	Hewlett-Packard CDS GmbH	Product Management Graduate	Houston, TX	PM	ENTRY_LEVEL	$74,400 - $171,100 a year
2cd31233d137c806	SpartanNash	Product Manager	Byron Center, MI 49315	PM	ENTRY_LEVEL	NA
3065e1bbb1a934d5	Cosmo Products, LLC	Product Manager	Montclair, CA 91763	PM	ENTRY_LEVEL	$48,000 a year
86731a5bf591e462	Emerson	Product Marketing Manager Co-Op--Digital Valve Experience	Marshalltown, IA	PM	ENTRY_LEVEL	Estimated $93.3K - $118K a year
e765fd102a31e81d	Boise Cascade Company	General Line Product Manager specializing in Construction Metal Sales 1-3 years experience required	Auburn, GA 30011	PM	ENTRY_LEVEL	$46,300 - $89,900 a year
0146d3f1b79a8be4	Western Union	Product Owner	Hybrid remote in Miami, FL 33143	PM	ENTRY_LEVEL	$81,950 - $139,700 a year
f6ba45fd8b3f492e	Infocodec Solutions	Product Owner	New Holland, OH 43145	PM	ENTRY_LEVEL	$74,485.14 - $150,638.13 a year
b75ee8307c2883a3	Medline Industries Inc	Associate Product Manager - February 2024 Start	Northfield, IL	PM	ENTRY_LEVEL	Estimated $75K - $94.9K a year
1e3cc65a525f9285	TikTok	Product Manager - Access Control - Information System	San Jose, CA 95110 (Downtown area)	PM	ENTRY_LEVEL	$161,280 - $399,600 a year
f5d6098dbb36cc01	HP	Service Product Manager	Boise, ID 83714 (West Bench area)	PM	ENTRY_LEVEL	NA
74bbb51045fa0733	Portland Webworks	Software Product Owner	Portland, ME 04101 (West Bayside area)	PM	ENTRY_LEVEL	NA
13fb651f76cd483c	InfoQuest Consulting Group Inc.	Product Owner (Salesforce/Mulesoft Team)	Remote	PM	ENTRY_LEVEL	NA
f739f063d1ccbdc0	Bennington	Director Product Management & Marketing	Elkhart, IN 46514	PM	ENTRY_LEVEL	Estimated $77K - $97.4K a year
1b10d998edaf85c4	Sarstedt, Inc.	Product Manager - Diagnostics	Hybrid remote in Newton, NC 28658	PM	ENTRY_LEVEL	Estimated $93.8K - $119K a year
bf0c01c52e063211	Siemens Digital Industries Software	Technical Product Manager, In-Vehicle Communication Software (Remote, MI)	Remote in Novi, MI 48376	PM	ENTRY_LEVEL	$78,500 - $141,300 a year
b8fb84db04740305	Incode Technologies	Product Marketing Manager	Remote in San Francisco, CA	PM	ENTRY_LEVEL	Estimated $113K - $144K a year
c2e893f33039c652	Medline Industries Inc	Associate Product Manager - Summer 2024 Start	Northfield, IL	PM	ENTRY_LEVEL	NA
481323ee9d943078	NYC Careers	IT Product Owner	New York, NY 10004 (Financial District area)	PM	ENTRY_LEVEL	$92,301 - $105,000 a year
65c55a0c3d1a64bc	Oracle	Product Manager/Strategy 5-ProdDev (JoinOCI-PPM)	Seattle, WA	PM	ENTRY_LEVEL	NA
008cb288c69d298d	United Electric Supply	Product Manager, Gear	Jessup, MD 20794	PM	ENTRY_LEVEL	NA
ff19bf897e8a3ccf	Deutsche Bank	Office 365 – Exchange Online Product Management - Assistant Vice President	Hybrid remote in Jacksonville, FL	PM	ENTRY_LEVEL	NA
2951705fe539abaa	Horizon Tool Inc	Product Manager Assistant	Greensboro, NC 27409	PM	ENTRY_LEVEL	$48,000 a year
c7f7abbbb86d9813	Trane Technologies	HVAC Systems Product Management Engineer Development Program	La Crosse, WI 54601	PM	ENTRY_LEVEL	NA
d7b1d90148ecc3c2	Physicians Mutual	Actuarial Associate --- Product Management	Omaha, NE 68131	PM	ENTRY_LEVEL	NA
4a86d78ab6c422c3	Amazon.com Services LLC	Principal Product Manager-Tech, Fulfillment By Amazon Inbound	Bellevue, WA	PM	ENTRY_LEVEL	From $144,000 a year
0deccb9807c6cf98	TikTok	Product Manager Lead, Trust & Safety	San Jose, CA 95110 (Downtown area)	PM	ENTRY_LEVEL	$200,000 - $350,000 a year
7a0a6b00d25fcb0b	Kindo	Product Manager, New Features	Venice, CA	PM	ENTRY_LEVEL	NA
7852dc9843375ea0	VComply Technologies	Product Manager	Palo Alto, CA	PM	ENTRY_LEVEL	NA
9144569043efeeb9	ProIT Inc.	Product Owner	Dallas, TX	PM	ENTRY_LEVEL	$60.73 - $70.71 an hour
b9a65cae4a89399a	HORIBA	Emission Product Line Manager	Piscataway, NJ 08854	PM	ENTRY_LEVEL	Estimated $76.3K - $96.7K a year
262c30056e5d97a9	Lonza	Product Marketing Manager	Morristown, NJ	PM	ENTRY_LEVEL	Estimated $87.7K - $111K a year
c0d5a627b732159f	Deep Origin	Product Manager - Life Sciences Software	Remote	PM	ENTRY_LEVEL	NA
91391efb5e5e2366	TikTok	Product Operations Manager - Integrity Solutions	San Jose, CA 95110 (Downtown area)	PM	ENTRY_LEVEL	$86,700 - $232,000 a year
a6eef902e0240b65	PlusAI	Product Manager, Autonomous Technology	Hybrid remote in Santa Clara, CA	PM	ENTRY_LEVEL	$130,000 - $200,000 a year
d3a809aaacd0f159	WHOOP	Product Marketing Manager	Boston, MA	PM	ENTRY_LEVEL	Estimated $95.6K - $121K a year
67142c9c2fa2b596	DMA Industries LLC	Assistant Product Manager	Loris, SC 29569	PM	ENTRY_LEVEL	NA
b624386bf16ece25	Kraft Heinz Company	Product Manager- Digital Experience	Chicago, IL	PM	ENTRY_LEVEL	NA
788ebbb6ee8524f0	Koch Global Services	OneStream Product Owner	Dallas, TX 75201	PM	ENTRY_LEVEL	NA
c20c8d50956e3d71	Koch Global Services	OneStream Product Owner	Green Bay, WI 54301	PM	ENTRY_LEVEL	NA
6866238d24d14ca6	Koch Global Services	OneStream Product Owner	Lisle, IL 60532	PM	ENTRY_LEVEL	NA
f8805081561ac82a	Koch Global Services	OneStream Product Owner	Auburn Hills, MI 48321	PM	ENTRY_LEVEL	NA
d01580056a31856c	Koch Global Services	OneStream Product Owner	Wichita, KS 67201	PM	ENTRY_LEVEL	NA
851df321066870ed	Koch Global Services	OneStream Product Owner	Atlanta, GA 30301 (Buckhead area)	PM	ENTRY_LEVEL	NA
fd7f8ccc4bd62d0a	Discover Financial Services	Product Owner - Home Equity Lending	Riverwoods, IL 60015	PM	ENTRY_LEVEL	$100,000 - $139,600 a year
9a16fdfae5b87d5b	Discover Financial Services	Product Owner- Card Strategic Partnerships	Chicago, IL	PM	ENTRY_LEVEL	$100,000 - $139,600 a year
1ada91233f94c359	Duke Manufacturing	Product Manager	Hybrid remote in St. Louis, MO 63102	PM	ENTRY_LEVEL	$85,000 - $110,000 a year
2e79c5facf057d88	Intone Networks	Agile SAFe Product Owner	Detroit, MI	PM	ENTRY_LEVEL	NA
5d591a22a6305e75	First Horizon Bank	Deposits Product Manager	New Orleans, LA 70130 (Central Business District area)	PM	ENTRY_LEVEL	NA
61f9324761832da0	Blue Cross Blue Shield of Arizona	Salesforce Product Owner - REMOTE - AZ	Remote in United States	PM	ENTRY_LEVEL	NA
e2fdea07e62d6812	Travelport	Product Marketing Manager	United States	PM	ENTRY_LEVEL	$75,000 - $110,000 a year
1ed39df4ae0dd87e	Stretto	Product Owner	Irvine, CA 92606	PM	ENTRY_LEVEL	NA
644e3c1e6a976319	Brandt	Area Manager of Product Support	Kansas	PM	ENTRY_LEVEL	Estimated $70.9K - $89.8K a year
e296ae1fcfe72046	HealthEquity	Product Manager - API	Remote	PM	ENTRY_LEVEL	$98,500 - $157,500 a year
a53532091e2cb5d5	Securitas Electronic Security Inc.	Product Manager - Integration & Partner Strategy	Remote in Boston, MA 02215	PM	ENTRY_LEVEL	NA
39485b5d6d63c7e1	Securitas Electronic Security Inc.	Product Manager - Integration & Partner Strategy	Woburn, MA 01801	PM	ENTRY_LEVEL	NA
e0455c01daf1787d	Securitas Electronic Security Inc.	Product Manager - Integration & Partner Strategy	Lincoln, NE 68503 (Hartley area)	PM	ENTRY_LEVEL	NA
58f21ca8ac7eed97	Miestro	Fractional Product Manager	Atlanta, GA 30326 (Buckhead area)	PM	ENTRY_LEVEL	NA
6e3137209ca3b004	TRA'BIAN ENTERPRISES	Project Manager/Product Owner	Hybrid remote in Columbus, OH	PM	ENTRY_LEVEL	NA
c95e8aa36809a24d	TruCode	Health Information Management Product Specialist	Alpharetta, GA	PM	ENTRY_LEVEL	NA
ab2315f5cc4a1a46	Ingersoll Cutting Tool Company	Product Manager	Rockford, IL 61108	PM	ENTRY_LEVEL	NA
82c9923dd593ae7b	Crackajack Solutions	Product Test Manager-Onsite	Phoenix, AZ	PM	ENTRY_LEVEL	NA
a510e0e1a132a15b	Northwell Health	Associate Product Services & Management Analyst - Hospital Billing	Melville, NY 11747	PM	ENTRY_LEVEL	$58,500 - $79,300 a year
8aeea690c32ed110	Rippling	Product Lead, Benefits Platform	San Francisco, CA	PM	ENTRY_LEVEL	$219,000 - $265,000 a year
d5d04d80aac021ff	Olive June	Product Coordinator	Los Angeles, CA 90028	PM	ENTRY_LEVEL	NA
16ce5ed60b08211d	Venus Et Fleur	Assistant Product Development Manager	Hybrid remote in Santa Fe Springs, CA 90670	PM	ENTRY_LEVEL	$65,000 a year
7c84797c16725c13	Arthrex	Associate Product Manager - Imaging & Resection	Naples, FL 34108	PM	ENTRY_LEVEL	Estimated $67.7K - $85.8K a year
52823d5c9f29867e	Solve Education	Product Manager	Remote	PM	ENTRY_LEVEL	NA
bdbd25987a688007	Agama Solutions	Product Owner - Remote - Innova	Remote in United States	PM	ENTRY_LEVEL	$55 an hour
8254931d8fc9d081	Qiagen	Product Owner - MDx (m/f/d)	Ann Arbor, MI 48108	PM	ENTRY_LEVEL	NA
d5f3e63a7d213ab7	Brandt	Area Manager of Product Support	Omaha, NE	PM	ENTRY_LEVEL	Estimated $72.4K - $91.7K a year
0f1c62c2a5ac5559	Kls Martin Lp	PRODUCT MANAGER	Jacksonville, FL 32246 (Windy Hill area)	PM	ENTRY_LEVEL	NA
c9990e5db0b4a0f3	TikTok	Integrity Product Operations Manager	San Jose, CA 95110 (Downtown area)	PM	ENTRY_LEVEL	$86,700 - $232,000 a year
4a4fda7cea4ba922	Skyline Communications	Product Manager	United States	PM	ENTRY_LEVEL	NA
4d9315ce34694c52	Digité	Product Manager	Cupertino, CA	PM	ENTRY_LEVEL	NA
528945b3c923d777	Station Casinos	Product Owner	Las Vegas, NV	PM	ENTRY_LEVEL	NA
5911ed56201affb4	BONIPAK PRODUCE	Product Manager	Santa Maria, CA	PM	ENTRY_LEVEL	$27.50 - $30.00 an hour
dfa5db34590766fe	Elliott Electric Supply	Product Category Manager	Nacogdoches, TX 75964	PM	ENTRY_LEVEL	NA
bc4942b083d7d39d	TikTok	Product & Process Operations Manager - Business Integrity	San Jose, CA 95110 (Downtown area)	PM	ENTRY_LEVEL	$86,700 - $232,000 a year
a00a826e0df64c84	Knowesis, Inc.	Project/Product Management Analyst (Warfighter Protection and Acute Care)	Hybrid remote in Fort Detrick, MD 21702	PM	ENTRY_LEVEL	NA
b2daa5b36c6c772a	Odyssey Systems Consulting Group, Ltd.	WPAC Project/Product Management Analyst (Biological/Medical)	Hybrid remote in Frederick, MD	PM	ENTRY_LEVEL	Estimated $65.2K - $82.5K a year
4bbc821dfdfa5382	Ampcus Incorporated	Product Owner	Chantilly, VA	PM	ENTRY_LEVEL	NA
d2ef8e06a41133d3	Covered Insurance Solutions LLC	Product Manager	Denver, CO 80204 (Lincoln Park area)	PM	ENTRY_LEVEL	$105,000 - $135,000 a year
4e58578c37755c9f	Saviance	Product Owner (HCP)	East Hanover, NJ	PM	ENTRY_LEVEL	NA
559ab549a8b79c2d	Advanced Micro Devices, Inc	Product Development Engineering Test Manager	Hybrid remote in Austin, TX 78735	PM	ENTRY_LEVEL	NA
3ea5cb756f29884c	Assured	Staff Product Manager	Remote in California	PM	ENTRY_LEVEL	$180,000 - $200,000 a year
17f754c202b73f1a	IXL Learning	Product Manager, Guest Discovery	Hybrid remote in San Mateo, CA	PM	ENTRY_LEVEL	NA
7a6b12f829b29445	NucleusTeq	Product Owner	Phoenix, AZ	PM	ENTRY_LEVEL	NA
69a13e88e720e461	Logic Rule	Solutions Architect for Conceptwave/Order Management/Product Catalog	Bellevue, WA	PM	ENTRY_LEVEL	$42.18 - $48.51 an hour
3d5920ec14dc3220	Shivam Infotech	Technical Product Owner	Redmond, WA	PM	ENTRY_LEVEL	NA
b81de8018b30cbdc	Veeva Systems	Product Manager - OpenData (Remote)	Remote in Boston, MA	PM	ENTRY_LEVEL	$100,000 - $150,000 a year
edfe2f81d050270d	Renee Systems	Product Owner (Job Code PO)	Brecksville, OH 44141	PM	ENTRY_LEVEL	NA
0e16b36e1ea345f7	Qcells	Product Manager - SCADA & PPC	Hybrid remote in San Francisco, CA	PM	ENTRY_LEVEL	NA
f39df4f23543a70d	Brandt	Area Manager of Product Support (Northwest Region)	Lincoln, NE 68501	PM	ENTRY_LEVEL	Estimated $78.6K - $99.6K a year
ae0d6d8779a1e0ce	Brandt	Area Manager of Product Support (Northeast Region)	Omaha, NE 68102	PM	ENTRY_LEVEL	Estimated $78.6K - $99.6K a year
4199125d01ca11a4	Wise Equation Solutions	Technical Product Owner- GCP	Richfield, MN 55423	PM	ENTRY_LEVEL	NA
f0602050f91afc85	Smartapp	Product Manager	East Greenwich, RI 02818	PM	ENTRY_LEVEL	NA
d5894ed60a7f8c7e	Insight Systems Corporation	Agile Business Analyst / Product Owner	Arlington, VA 22209 (Radnor-Ft Myer Heights area)	PM	ENTRY_LEVEL	NA
9ec6ed8316905a5f	The Hardwick Group	Digital Product Manager	New Jersey	PM	ENTRY_LEVEL	NA
24c6508418ff5716	Palo Verde Consulting	Technical Product Manager	Santa Clara, CA	PM	ENTRY_LEVEL	NA
6110276408c100f0	MedInfo	Product Manager	Westminster, CO 80030	PM	ENTRY_LEVEL	$18 an hour
34953815333ba2ba	IXL Learning	Product Manager, Education.com	Hybrid remote in San Mateo, CA	PM	ENTRY_LEVEL	Estimated $80.2K - $102K a year
305ee7aa57f5d67e	IXL Learning	Product Manager	Hybrid remote in San Mateo, CA	PM	ENTRY_LEVEL	NA
ad268d1fe13a209c	Alam Research	Product Manager	Durham, NC	PM	ENTRY_LEVEL	NA
a00525e271e3073a	Monolithic Power Systems	Product Marketing Manager	Livonia, MI 48152	PM	ENTRY_LEVEL	Estimated $98.3K - $124K a year
5ef663098433d057	NA TRADING AND TECHNOLOGY	Product Specialist and Account Manager	Bloomington, MN	PM	ENTRY_LEVEL	NA
79481eee6c380ec3	FlexIT Inc	Product Owner (Lead Data BSA)	Beaverton, OR 97005 (Central Beaverton area)	PM	ENTRY_LEVEL	NA
1f779035bdf253c9	FlexIT Inc	Technical Product Manager	Beaverton, OR 97005 (Central Beaverton area)	PM	ENTRY_LEVEL	NA
83ac9b04ff8881af	FlexIT Inc	Technical Product Manager	Beaverton, OR 97005 (Central Beaverton area)	PM	ENTRY_LEVEL	NA
1e4493819fc826e4	Colsh Consultants	Product Owner	Hartford, CT	PM	ENTRY_LEVEL	NA
15aefe35c4f625ca	FlexIT Inc	Product Owner, Inventory	Beaverton, OR 97005 (Central Beaverton area)	PM	ENTRY_LEVEL	NA
eb99f53fd892882e	FlexIT Inc	Technical Product Manager	Beaverton, OR 97005 (Central Beaverton area)	PM	ENTRY_LEVEL	NA
cb82debe97c3de9f	Agama Solutions	Product Owner	San Francisco, CA (Bernal Heights area)	PM	ENTRY_LEVEL	NA
98e55ba3f32cc712	FlexIT Inc	Technical Product Manager	Beaverton, OR 97005 (Central Beaverton area)	PM	ENTRY_LEVEL	NA
21c6f6dc838c01ad	FlexIT Inc	Technical Product Manager	Beaverton, OR 97005 (Central Beaverton area)	PM	ENTRY_LEVEL	NA
dda658487961df72	FlexIT Inc	Technical Product Manager	Beaverton, OR 97005 (Central Beaverton area)	PM	ENTRY_LEVEL	NA
4ae4a58fa2adbaaf	Agama Solutions	Product/ Project Manager	United States	PM	ENTRY_LEVEL	$57 an hour
a8692e4ab80cab89	FlexIT Inc	Product Owner	Beaverton, OR 97005 (Central Beaverton area)	PM	ENTRY_LEVEL	NA
751c0b9339f9a2ac	FlexIT Inc	Product Owner	Beaverton, OR 97005 (Central Beaverton area)	PM	ENTRY_LEVEL	NA
ff0fb7a184fc75a9	FlexIT Inc	Product Manager	Beaverton, OR 97005 (Central Beaverton area)	PM	ENTRY_LEVEL	NA
eec6a07bb8092ed4	FlexIT Inc	Product Manager	Beaverton, OR 97005 (Central Beaverton area)	PM	ENTRY_LEVEL	NA
85b7a1a002c9656c	FlexIT Inc	Technical Project Manager - Product Catalog	Beaverton, OR 97005 (Central Beaverton area)	PM	ENTRY_LEVEL	NA
8d2d0fe5b2b57c69	FlexIT Inc	Product Owner	Beaverton, OR 97005 (Central Beaverton area)	PM	ENTRY_LEVEL	NA
11eb522694539f02	FlexIT Inc	Technical Product Manager - Memberships	Beaverton, OR 97005 (Central Beaverton area)	PM	ENTRY_LEVEL	NA
c4ac776d98825e11	FlexIT Inc	Product Owner	Beaverton, OR 97005 (Central Beaverton area)	PM	ENTRY_LEVEL	NA
30b39ee30747009c	FlexIT Inc	Data Science Product Manager	Beaverton, OR 97005 (Central Beaverton area)	PM	ENTRY_LEVEL	NA
2d19721853b4a4a5	FlexIT Inc	Product Owner	Beaverton, OR 97005 (Central Beaverton area)	PM	ENTRY_LEVEL	NA
d07d84e36fcfd2d1	Colsh Consultants	Product Owner	Hartford, CT	PM	ENTRY_LEVEL	NA
2aef0b312fae513c	FlexIT Inc	Product Manager - Innovation	Beaverton, OR 97005 (Central Beaverton area)	PM	ENTRY_LEVEL	NA
57814baa9b2c081e	FlexIT Inc	Product Manager - Data Analytics	Portland, OR 97210 (Northwest area)	PM	ENTRY_LEVEL	NA
86e7ae126020a700	FlexIT Inc	Product Manager	Beaverton, OR 97005 (Central Beaverton area)	PM	ENTRY_LEVEL	NA
6360256d5b7054e8	FlexIT Inc	Product Manager	Beaverton, OR 97005 (Central Beaverton area)	PM	ENTRY_LEVEL	NA
e9f19072ba2154f6	FlexIT Inc	Product Manager	Beaverton, OR 97005 (Central Beaverton area)	PM	ENTRY_LEVEL	NA
c2353f0af9d40379	White Pine Software	Client Product Manager	Nashua, NH 03063	PM	ENTRY_LEVEL	NA
2ace38aa2fa9917d	Agama Solutions	Product Owner/Manager	San Francisco, CA (Bernal Heights area)	PM	ENTRY_LEVEL	$65 an hour
1c0c6a0f4256f107	Agama Solutions	Biometrics Product Manager	San Francisco, CA (Bernal Heights area)	PM	ENTRY_LEVEL	$60 an hour
362aaafca867debe	ACI LAST MILE CALIFORNIA LLC	Product Verifier	San Marcos, CA 92069	PM	ENTRY_LEVEL	NA
10bb34b058ced6d3	Zettalogix	Product Owner	Iselin, NJ 08830	PM	ENTRY_LEVEL	NA
6758374876b71962	Allied Technologies and Consulting, LLC	Project/Product Management Analysts (Mid-Level)-Medical Product Development- MULTIPLE OPENINGS	Frederick, MD	PM	ENTRY_LEVEL	NA
eafc5702826f978f	Top Microsystems	Product Manager	Santa Clara, CA	PM	ENTRY_LEVEL	Estimated $74.4K - $94.2K a year
3d1201084f2f42b5	Colsh Consultants	Product Owner	Iowa	PM	ENTRY_LEVEL	NA
c7fed1b867d5b0aa	Phlint	Product Manager	San Francisco Bay Area, CA	PM	ENTRY_LEVEL	NA
c5f3690ddf5cce6c	Axcsys Technologies	Product Management	Smyrna, GA 30080	PM	ENTRY_LEVEL	NA
df986bca0a1f3235	US Rock Corporation	Product Manager - "The Kitchen Sink"	Inglewood, CA 90305	PM	ENTRY_LEVEL	NA
8e0f0f3d81e3ab1d	Clayton Metals	Product Manager	Wood Dale, IL	PM	ENTRY_LEVEL	NA
75c44dfecfd6d73e	Concepta Technologies	Product Owner	Orlando, FL	PM	ENTRY_LEVEL	NA
3c8ba0464fe6fb0d	Cheetah Mobile	Product Manager,Community Product (Mobile Apps)	Palo Alto, CA 94303	PM	ENTRY_LEVEL	NA
